<?xml version="1.0" encoding="UTF-8"?>
<AppiumAUT>
  <XCUIElementTypeApplication type="XCUIElementTypeApplication" name="网易小蜜蜂" label="网易小蜜蜂" enabled="true" visible="true" accessible="false" x="0" y="0" width="393" height="852" index="0">
    <XCUIElementTypeWindow type="XCUIElementTypeWindow" enabled="true" visible="true" accessible="false" x="0" y="0" width="393" height="852" index="0">
      <XCUIElementTypeOther type="XCUIElementTypeOther" enabled="true" visible="true" accessible="false" x="0" y="0" width="393" height="852" index="0">
        <XCUIElementTypeOther type="XCUIElementTypeOther" enabled="true" visible="true" accessible="false" x="0" y="0" width="393" height="852" index="0">
          <XCUIElementTypeOther type="XCUIElementTypeOther" enabled="true" visible="true" accessible="false" x="0" y="0" width="393" height="852" index="0">
            <XCUIElementTypeOther type="XCUIElementTypeOther" enabled="true" visible="true" accessible="false" x="0" y="0" width="393" height="852" index="0">
              <XCUIElementTypeOther type="XCUIElementTypeOther" enabled="true" visible="true" accessible="false" x="0" y="0" width="393" height="852" index="0">
                <XCUIElementTypeOther type="XCUIElementTypeOther" enabled="true" visible="true" accessible="false" x="0" y="0" width="393" height="852" index="0">
                  <XCUIElementTypeOther type="XCUIElementTypeOther" enabled="true" visible="true" accessible="false" x="0" y="0" width="393" height="852" index="0">
                    <XCUIElementTypeOther type="XCUIElementTypeOther" enabled="true" visible="true" accessible="false" x="0" y="0" width="393" height="772" index="0">
                      <XCUIElementTypeStaticText type="XCUIElementTypeStaticText" enabled="true" visible="false" accessible="false" x="142" y="-35" width="109" height="35" index="0"/>
                      <XCUIElementTypeOther type="XCUIElementTypeOther" enabled="true" visible="true" accessible="false" x="0" y="0" width="393" height="772" index="1">
                        <XCUIElementTypeScrollView type="XCUIElementTypeScrollView" enabled="true" visible="true" accessible="false" x="0" y="0" width="393" height="772" index="0">
                          <XCUIElementTypeOther type="XCUIElementTypeOther" enabled="true" visible="true" accessible="false" x="0" y="0" width="393" height="772" index="0">
                            <XCUIElementTypeOther type="XCUIElementTypeOther" enabled="true" visible="true" accessible="false" x="0" y="0" width="393" height="772" index="0">
                              <XCUIElementTypeImage type="XCUIElementTypeImage" enabled="true" visible="true" accessible="false" x="0" y="0" width="393" height="462" index="0"/>
                              <XCUIElementTypeCollectionView type="XCUIElementTypeCollectionView" enabled="true" visible="true" accessible="false" x="0" y="0" width="393" height="772" index="1">
                                <XCUIElementTypeOther type="XCUIElementTypeOther" enabled="true" visible="true" accessible="false" x="0" y="0" width="393" height="462" index="0">
                                  <XCUIElementTypeOther type="XCUIElementTypeOther" enabled="true" visible="true" accessible="false" x="0" y="0" width="393" height="462" index="0">
                                    <XCUIElementTypeOther type="XCUIElementTypeOther" enabled="true" visible="true" accessible="false" x="0" y="0" width="393" height="432" index="0">
                                      <XCUIElementTypeOther type="XCUIElementTypeOther" enabled="true" visible="false" accessible="false" x="0" y="0" width="393" height="294" index="0"/>
                                      <XCUIElementTypeImage type="XCUIElementTypeImage" name="profile_background" enabled="true" visible="false" accessible="false" x="0" y="0" width="393" height="432" index="1">
                                        <XCUIElementTypeOther type="XCUIElementTypeOther" enabled="true" visible="false" accessible="false" x="0" y="0" width="393" height="432" index="0"/>
                                      </XCUIElementTypeImage>
                                      <XCUIElementTypeOther type="XCUIElementTypeOther" enabled="true" visible="true" accessible="false" x="0" y="103" width="393" height="88" index="2">
                                        <XCUIElementTypeOther type="XCUIElementTypeOther" enabled="true" visible="true" accessible="false" x="16" y="115" width="76" height="76" index="0">
                                          <XCUIElementTypeImage type="XCUIElementTypeImage" enabled="true" visible="true" accessible="false" x="16" y="115" width="76" height="76" index="0"/>
                                        </XCUIElementTypeOther>
                                        <XCUIElementTypeOther type="XCUIElementTypeOther" enabled="true" visible="true" accessible="false" x="108" y="115" width="269" height="73" index="1">
                                          <XCUIElementTypeStaticText type="XCUIElementTypeStaticText" value="森林酒馆" name="森林酒馆" label="森林酒馆" enabled="true" visible="true" accessible="true" x="108" y="115" width="80" height="28" index="0"/>
                                          <XCUIElementTypeOther type="XCUIElementTypeOther" enabled="true" visible="true" accessible="false" x="108" y="146" width="269" height="14" index="1">
                                            <XCUIElementTypeButton type="XCUIElementTypeButton" name="蜜蜂号：609310771" label="蜜蜂号：609310771" enabled="true" visible="true" accessible="true" x="108" y="146" width="89" height="14" index="0"/>
                                            <XCUIElementTypeButton type="XCUIElementTypeButton" name="beeid copy" label="beeid copy" enabled="true" visible="true" accessible="true" x="203" y="149" width="8" height="8" index="1"/>
                                          </XCUIElementTypeOther>
                                          <XCUIElementTypeOther type="XCUIElementTypeOther" enabled="true" visible="true" accessible="false" x="108" y="163" width="109" height="25" index="2">
                                            <XCUIElementTypeButton type="XCUIElementTypeButton" enabled="true" visible="true" accessible="true" x="108" y="163" width="109" height="25" index="0">
                                              <XCUIElementTypeStaticText type="XCUIElementTypeStaticText" enabled="true" visible="false" accessible="false" x="108" y="163" width="0" height="0" index="0"/>
                                            </XCUIElementTypeButton>
                                            <XCUIElementTypeImage type="XCUIElementTypeImage" enabled="true" visible="false" accessible="false" x="116" y="169" width="12" height="13" index="1"/>
                                            <XCUIElementTypeStaticText type="XCUIElementTypeStaticText" value="去认证身份" name="去认证身份" label="去认证身份" enabled="true" visible="false" accessible="true" x="131" y="163" width="50" height="25" index="2"/>
                                            <XCUIElementTypeButton type="XCUIElementTypeButton" name="profile auth close gold" label="profile auth close gold" enabled="true" visible="true" accessible="true" x="189" y="163" width="28" height="25" index="3">
                                              <XCUIElementTypeStaticText type="XCUIElementTypeStaticText" enabled="true" visible="false" accessible="false" x="189" y="163" width="0" height="0" index="0"/>
                                            </XCUIElementTypeButton>
                                          </XCUIElementTypeOther>
                                        </XCUIElementTypeOther>
                                        <XCUIElementTypeButton type="XCUIElementTypeButton" name="profile qr code" label="profile qr code" enabled="true" visible="true" accessible="true" x="353" y="137" width="40" height="32" index="2"/>
                                        <XCUIElementTypeButton type="XCUIElementTypeButton" enabled="true" visible="true" accessible="true" x="32" y="170" width="44" height="28" index="3">
                                          <XCUIElementTypeStaticText type="XCUIElementTypeStaticText" enabled="true" visible="false" accessible="false" x="32" y="170" width="0" height="0" index="0"/>
                                          <XCUIElementTypeStaticText type="XCUIElementTypeStaticText" enabled="true" visible="false" accessible="false" x="58" y="186" width="12" height="0" index="1"/>
                                        </XCUIElementTypeButton>
                                      </XCUIElementTypeOther>
                                      <XCUIElementTypeOther type="XCUIElementTypeOther" enabled="true" visible="true" accessible="false" x="0" y="208" width="393" height="224" index="3">
                                        <XCUIElementTypeStaticText type="XCUIElementTypeStaticText" value="介绍一下自己吧~" name="介绍一下自己吧~" label="介绍一下自己吧~" enabled="true" visible="true" accessible="true" x="16" y="214" width="98" height="20" index="0"/>
                                        <XCUIElementTypeButton type="XCUIElementTypeButton" name="profile edit info" label="profile edit info" enabled="true" visible="true" accessible="true" x="116" y="217" width="15" height="14" index="1"/>
                                        <XCUIElementTypeStaticText type="XCUIElementTypeStaticText" value="北京" name="北京" label="北京" enabled="true" visible="true" accessible="true" x="16" y="254" width="36" height="20" index="2"/>
                                        <XCUIElementTypeOther type="XCUIElementTypeOther" enabled="true" visible="true" accessible="false" x="60" y="254" width="68" height="20" index="3">
                                          <XCUIElementTypeButton type="XCUIElementTypeButton" enabled="true" visible="true" accessible="true" x="60" y="254" width="68" height="20" index="0">
                                            <XCUIElementTypeStaticText type="XCUIElementTypeStaticText" enabled="true" visible="false" accessible="false" x="60" y="254" width="0" height="0" index="0"/>
                                          </XCUIElementTypeButton>
                                          <XCUIElementTypeStaticText type="XCUIElementTypeStaticText" value="信用分64" name="信用分64" label="信用分64" enabled="true" visible="false" accessible="true" x="68" y="257" width="42" height="14" index="1"/>
                                          <XCUIElementTypeImage type="XCUIElementTypeImage" name="proppanel_access_whiteff" enabled="true" visible="false" accessible="false" x="114" y="259" width="10" height="10" index="2"/>
                                        </XCUIElementTypeOther>
                                        <XCUIElementTypeOther type="XCUIElementTypeOther" enabled="true" visible="true" accessible="false" x="16" y="294" width="207" height="38" index="4">
                                          <XCUIElementTypeOther type="XCUIElementTypeOther" enabled="true" visible="true" accessible="false" x="16" y="294" width="24" height="38" index="0">
                                            <XCUIElementTypeStaticText type="XCUIElementTypeStaticText" value="0" name="0" label="0" enabled="true" visible="true" accessible="true" x="16" y="294" width="24" height="20" index="0"/>
                                            <XCUIElementTypeStaticText type="XCUIElementTypeStaticText" value="关注" name="关注" label="关注" enabled="true" visible="true" accessible="true" x="16" y="315" width="24" height="17" index="1"/>
                                          </XCUIElementTypeOther>
                                          <XCUIElementTypeOther type="XCUIElementTypeOther" enabled="true" visible="true" accessible="false" x="60" y="294" width="24" height="38" index="1">
                                            <XCUIElementTypeStaticText type="XCUIElementTypeStaticText" value="1" name="1" label="1" enabled="true" visible="true" accessible="true" x="60" y="294" width="24" height="20" index="0"/>
                                            <XCUIElementTypeStaticText type="XCUIElementTypeStaticText" value="粉丝" name="粉丝" label="粉丝" enabled="true" visible="true" accessible="true" x="60" y="315" width="24" height="17" index="1"/>
                                          </XCUIElementTypeOther>
                                          <XCUIElementTypeOther type="XCUIElementTypeOther" enabled="true" visible="true" accessible="false" x="104" y="294" width="57" height="38" index="2">
                                            <XCUIElementTypeStaticText type="XCUIElementTypeStaticText" value="22" name="22" label="22" enabled="true" visible="true" accessible="true" x="104" y="294" width="57" height="20" index="0"/>
                                            <XCUIElementTypeStaticText type="XCUIElementTypeStaticText" value="获赞&amp;礼物" name="获赞&amp;礼物" label="获赞&amp;礼物" enabled="true" visible="true" accessible="true" x="104" y="315" width="57" height="17" index="1"/>
                                          </XCUIElementTypeOther>
                                        </XCUIElementTypeOther>
                                        <XCUIElementTypeOther type="XCUIElementTypeOther" enabled="true" visible="true" accessible="false" x="233" y="299" width="88" height="28" index="5">
                                          <XCUIElementTypeButton type="XCUIElementTypeButton" name="编辑资料" label="编辑资料" enabled="true" visible="true" accessible="true" x="233" y="299" width="88" height="28" index="0">
                                            <XCUIElementTypeStaticText type="XCUIElementTypeStaticText" value="编辑资料" name="编辑资料" label="编辑资料" enabled="true" visible="true" accessible="false" x="249" y="304" width="56" height="18" index="0"/>
                                          </XCUIElementTypeButton>
                                        </XCUIElementTypeOther>
                                        <XCUIElementTypeOther type="XCUIElementTypeOther" enabled="true" visible="true" accessible="false" x="333" y="299" width="44" height="28" index="6">
                                          <XCUIElementTypeButton type="XCUIElementTypeButton" name="profile slider setting white" label="profile slider setting white" enabled="true" visible="true" accessible="true" x="333" y="299" width="44" height="28" index="0"/>
                                        </XCUIElementTypeOther>
                                        <XCUIElementTypeOther type="XCUIElementTypeOther" enabled="true" visible="true" accessible="false" x="0" y="352" width="393" height="48" index="7">
                                          <XCUIElementTypeCollectionView type="XCUIElementTypeCollectionView" enabled="true" visible="true" accessible="false" x="0" y="352" width="393" height="48" index="0">
                                            <XCUIElementTypeCell type="XCUIElementTypeCell" enabled="true" visible="true" accessible="false" x="16" y="352" width="100" height="48" index="0">
                                              <XCUIElementTypeOther type="XCUIElementTypeOther" enabled="true" visible="true" accessible="false" x="16" y="352" width="100" height="48" index="0">
                                                <XCUIElementTypeImage type="XCUIElementTypeImage" name="profile_creator_center" enabled="true" visible="true" accessible="false" x="26" y="360" width="18" height="18" index="0"/>
                                                <XCUIElementTypeStaticText type="XCUIElementTypeStaticText" value="活动中心" name="活动中心" label="活动中心" enabled="true" visible="true" accessible="true" x="48" y="362" width="58" height="15" index="1"/>
                                                <XCUIElementTypeStaticText type="XCUIElementTypeStaticText" value="查看详情" name="查看详情" label="查看详情" enabled="true" visible="true" accessible="true" x="26" y="380" width="80" height="12" index="2"/>
                                              </XCUIElementTypeOther>
                                            </XCUIElementTypeCell>
                                            <XCUIElementTypeCell type="XCUIElementTypeCell" enabled="true" visible="true" accessible="false" x="124" y="352" width="100" height="48" index="1">
                                              <XCUIElementTypeOther type="XCUIElementTypeOther" enabled="true" visible="true" accessible="false" x="124" y="352" width="100" height="48" index="0">
                                                <XCUIElementTypeImage type="XCUIElementTypeImage" name="profile_chat_group" enabled="true" visible="true" accessible="false" x="134" y="360" width="18" height="18" index="0"/>
                                                <XCUIElementTypeStaticText type="XCUIElementTypeStaticText" value="群聊" name="群聊" label="群聊" enabled="true" visible="true" accessible="true" x="156" y="362" width="58" height="15" index="1"/>
                                                <XCUIElementTypeStaticText type="XCUIElementTypeStaticText" value="查看我的群聊" name="查看我的群聊" label="查看我的群聊" enabled="true" visible="true" accessible="true" x="134" y="380" width="80" height="12" index="2"/>
                                              </XCUIElementTypeOther>
                                            </XCUIElementTypeCell>
                                            <XCUIElementTypeCell type="XCUIElementTypeCell" enabled="true" visible="true" accessible="false" x="232" y="352" width="100" height="48" index="2">
                                              <XCUIElementTypeOther type="XCUIElementTypeOther" enabled="true" visible="true" accessible="false" x="232" y="352" width="100" height="48" index="0">
                                                <XCUIElementTypeImage type="XCUIElementTypeImage" name="profile_history" enabled="true" visible="true" accessible="false" x="242" y="360" width="18" height="18" index="0"/>
                                                <XCUIElementTypeStaticText type="XCUIElementTypeStaticText" value="浏览记录" name="浏览记录" label="浏览记录" enabled="true" visible="true" accessible="true" x="264" y="362" width="58" height="15" index="1"/>
                                                <XCUIElementTypeStaticText type="XCUIElementTypeStaticText" value="查看详情" name="查看详情" label="查看详情" enabled="true" visible="true" accessible="true" x="242" y="380" width="80" height="12" index="2"/>
                                              </XCUIElementTypeOther>
                                            </XCUIElementTypeCell>
                                            <XCUIElementTypeCell type="XCUIElementTypeCell" enabled="true" visible="true" accessible="false" x="340" y="352" width="100" height="48" index="3">
                                              <XCUIElementTypeOther type="XCUIElementTypeOther" enabled="true" visible="true" accessible="false" x="340" y="352" width="100" height="48" index="0">
                                                <XCUIElementTypeImage type="XCUIElementTypeImage" name="profile_wallet" enabled="true" visible="true" accessible="false" x="350" y="360" width="18" height="18" index="0"/>
                                                <XCUIElementTypeStaticText type="XCUIElementTypeStaticText" value="钱包" name="钱包" label="钱包" enabled="true" visible="true" accessible="true" x="372" y="362" width="58" height="15" index="1"/>
                                                <XCUIElementTypeStaticText type="XCUIElementTypeStaticText" value="查看详情" name="查看详情" label="查看详情" enabled="true" visible="true" accessible="true" x="350" y="380" width="80" height="12" index="2"/>
                                              </XCUIElementTypeOther>
                                            </XCUIElementTypeCell>
                                            <XCUIElementTypeOther type="XCUIElementTypeOther" value="0%" name="垂直滚动条, 2页" label="垂直滚动条, 2页" enabled="true" visible="true" accessible="false" x="360" y="352" width="30" height="48" index="4">
                                              <XCUIElementTypeOther type="XCUIElementTypeOther" enabled="true" visible="true" accessible="false" x="387" y="355" width="3" height="42" index="0"/>
                                            </XCUIElementTypeOther>
                                            <XCUIElementTypeOther type="XCUIElementTypeOther" value="0%" name="垂直滚动条, 2页" label="垂直滚动条, 2页" enabled="true" visible="true" accessible="false" x="360" y="352" width="30" height="48" index="5">
                                              <XCUIElementTypeOther type="XCUIElementTypeOther" enabled="true" visible="true" accessible="false" x="387" y="355" width="3" height="42" index="0"/>
                                            </XCUIElementTypeOther>
                                          </XCUIElementTypeCollectionView>
                                        </XCUIElementTypeOther>
                                      </XCUIElementTypeOther>
                                      <XCUIElementTypeOther type="XCUIElementTypeOther" enabled="true" visible="false" accessible="false" x="0" y="294" width="393" height="138" index="4"/>
                                    </XCUIElementTypeOther>
                                    <XCUIElementTypeOther type="XCUIElementTypeOther" enabled="true" visible="true" accessible="false" x="0" y="420" width="393" height="42" index="1">
                                      <XCUIElementTypeButton type="XCUIElementTypeButton" name="笔记" label="笔记" enabled="true" visible="true" accessible="true" x="0" y="420" width="66" height="37" index="0">
                                        <XCUIElementTypeStaticText type="XCUIElementTypeStaticText" value="笔记" name="笔记" label="笔记" enabled="true" visible="false" accessible="false" x="18" y="428" width="30" height="21" index="0"/>
                                      </XCUIElementTypeButton>
                                      <XCUIElementTypeButton type="XCUIElementTypeButton" name="收藏" label="收藏" enabled="true" visible="true" accessible="true" x="66" y="420" width="66" height="37" index="1">
                                        <XCUIElementTypeStaticText type="XCUIElementTypeStaticText" value="收藏" name="收藏" label="收藏" enabled="true" visible="false" accessible="false" x="84" y="428" width="30" height="21" index="0"/>
                                      </XCUIElementTypeButton>
                                      <XCUIElementTypeButton type="XCUIElementTypeButton" name="赞过" label="赞过" enabled="true" visible="true" accessible="true" x="132" y="420" width="66" height="37" index="2">
                                        <XCUIElementTypeStaticText type="XCUIElementTypeStaticText" value="赞过" name="赞过" label="赞过" enabled="true" visible="false" accessible="false" x="150" y="428" width="30" height="21" index="0"/>
                                      </XCUIElementTypeButton>
                                    </XCUIElementTypeOther>
                                  </XCUIElementTypeOther>
                                </XCUIElementTypeOther>
                                <XCUIElementTypeOther type="XCUIElementTypeOther" enabled="true" visible="true" accessible="false" x="0" y="462" width="393" height="30" index="1"/>
                                <XCUIElementTypeCell type="XCUIElementTypeCell" enabled="true" visible="true" accessible="false" x="5" y="467" width="189" height="320" index="2">
                                  <XCUIElementTypeOther type="XCUIElementTypeOther" enabled="true" visible="true" accessible="false" x="5" y="467" width="189" height="320" index="0">
                                    <XCUIElementTypeImage type="XCUIElementTypeImage" enabled="true" visible="true" accessible="false" x="5" y="467" width="189" height="252" index="0">
                                      <XCUIElementTypeButton type="XCUIElementTypeButton" enabled="true" visible="true" accessible="true" x="13" y="692" width="68" height="19" index="0">
                                        <XCUIElementTypeStaticText type="XCUIElementTypeStaticText" enabled="true" visible="false" accessible="false" x="13" y="692" width="0" height="0" index="0"/>
                                        <XCUIElementTypeStaticText type="XCUIElementTypeStaticText" value="26浏览" name="26浏览" label="26浏览" enabled="true" visible="true" accessible="false" x="33" y="695" width="38" height="14" index="1"/>
                                        <XCUIElementTypeStaticText type="XCUIElementTypeStaticText" value="悬赏" name="悬赏" label="悬赏" enabled="true" visible="false" accessible="false" x="75" y="695" width="0" height="14" index="2"/>
                                      </XCUIElementTypeButton>
                                    </XCUIElementTypeImage>
                                    <XCUIElementTypeOther type="XCUIElementTypeOther" enabled="true" visible="true" accessible="false" x="17" y="727" width="165" height="26" index="1">
                                      <XCUIElementTypeOther type="XCUIElementTypeOther" name="今天天气不错，去哪玩呢" label="今天天气不错，去哪玩呢" enabled="true" visible="true" accessible="true" x="17" y="727" width="165" height="26" index="0"/>
                                    </XCUIElementTypeOther>
                                    <XCUIElementTypeButton type="XCUIElementTypeButton" enabled="true" visible="true" accessible="true" x="17" y="753" width="68" height="20" index="2">
                                      <XCUIElementTypeStaticText type="XCUIElementTypeStaticText" enabled="true" visible="false" accessible="false" x="17" y="753" width="0" height="0" index="0"/>
                                      <XCUIElementTypeStaticText type="XCUIElementTypeStaticText" value="森林酒馆" name="森林酒馆" label="森林酒馆" enabled="true" visible="true" accessible="false" x="37" y="756" width="48" height="15" index="1"/>
                                      <XCUIElementTypeStaticText type="XCUIElementTypeStaticText" value="匿名" name="匿名" label="匿名" enabled="true" visible="false" accessible="false" x="61" y="757" width="20" height="12" index="2"/>
                                    </XCUIElementTypeButton>
                                    <XCUIElementTypeButton type="XCUIElementTypeButton" enabled="true" visible="true" accessible="true" x="158" y="753" width="36" height="20" index="3">
                                      <XCUIElementTypeStaticText type="XCUIElementTypeStaticText" enabled="true" visible="false" accessible="false" x="158" y="753" width="0" height="0" index="0"/>
                                      <XCUIElementTypeStaticText type="XCUIElementTypeStaticText" enabled="true" visible="false" accessible="false" x="158" y="753" width="0" height="0" index="1"/>
                                      <XCUIElementTypeStaticText type="XCUIElementTypeStaticText" value="1" name="1" label="1" enabled="true" visible="true" accessible="false" x="178" y="755" width="6" height="16" index="2"/>
                                    </XCUIElementTypeButton>
                                  </XCUIElementTypeOther>
                                </XCUIElementTypeCell>
                                <XCUIElementTypeCell type="XCUIElementTypeCell" enabled="true" visible="true" accessible="false" x="199" y="467" width="189" height="320" index="3">
                                  <XCUIElementTypeOther type="XCUIElementTypeOther" enabled="true" visible="true" accessible="false" x="199" y="467" width="189" height="320" index="0">
                                    <XCUIElementTypeImage type="XCUIElementTypeImage" enabled="true" visible="true" accessible="false" x="199" y="467" width="189" height="252" index="0">
                                      <XCUIElementTypeImage type="XCUIElementTypeImage" name="video_list_cell_icon" enabled="true" visible="true" accessible="false" x="360" y="475" width="20" height="20" index="0"/>
                                      <XCUIElementTypeButton type="XCUIElementTypeButton" enabled="true" visible="true" accessible="true" x="207" y="692" width="68" height="19" index="1">
                                        <XCUIElementTypeStaticText type="XCUIElementTypeStaticText" enabled="true" visible="false" accessible="false" x="207" y="692" width="0" height="0" index="0"/>
                                        <XCUIElementTypeStaticText type="XCUIElementTypeStaticText" value="96浏览" name="96浏览" label="96浏览" enabled="true" visible="true" accessible="false" x="227" y="695" width="38" height="14" index="1"/>
                                        <XCUIElementTypeStaticText type="XCUIElementTypeStaticText" value="悬赏" name="悬赏" label="悬赏" enabled="true" visible="false" accessible="false" x="269" y="695" width="0" height="14" index="2"/>
                                      </XCUIElementTypeButton>
                                    </XCUIElementTypeImage>
                                    <XCUIElementTypeOther type="XCUIElementTypeOther" enabled="true" visible="true" accessible="false" x="211" y="727" width="165" height="26" index="1">
                                      <XCUIElementTypeOther type="XCUIElementTypeOther" name="wmls集合吧" label="wmls集合吧" enabled="true" visible="true" accessible="true" x="211" y="727" width="165" height="26" index="0"/>
                                    </XCUIElementTypeOther>
                                    <XCUIElementTypeButton type="XCUIElementTypeButton" enabled="true" visible="true" accessible="true" x="211" y="753" width="68" height="20" index="2">
                                      <XCUIElementTypeStaticText type="XCUIElementTypeStaticText" enabled="true" visible="false" accessible="false" x="211" y="753" width="0" height="0" index="0"/>
                                      <XCUIElementTypeStaticText type="XCUIElementTypeStaticText" value="森林酒馆" name="森林酒馆" label="森林酒馆" enabled="true" visible="true" accessible="false" x="231" y="756" width="48" height="15" index="1"/>
                                      <XCUIElementTypeStaticText type="XCUIElementTypeStaticText" value="匿名" name="匿名" label="匿名" enabled="true" visible="false" accessible="false" x="255" y="757" width="20" height="12" index="2"/>
                                    </XCUIElementTypeButton>
                                    <XCUIElementTypeButton type="XCUIElementTypeButton" enabled="true" visible="true" accessible="true" x="349" y="753" width="39" height="20" index="3">
                                      <XCUIElementTypeStaticText type="XCUIElementTypeStaticText" enabled="true" visible="false" accessible="false" x="349" y="753" width="0" height="0" index="0"/>
                                      <XCUIElementTypeStaticText type="XCUIElementTypeStaticText" enabled="true" visible="false" accessible="false" x="349" y="753" width="0" height="0" index="1"/>
                                      <XCUIElementTypeStaticText type="XCUIElementTypeStaticText" value="3" name="3" label="3" enabled="true" visible="true" accessible="false" x="369" y="755" width="9" height="16" index="2"/>
                                    </XCUIElementTypeButton>
                                  </XCUIElementTypeOther>
                                </XCUIElementTypeCell>
                                <XCUIElementTypeOther type="XCUIElementTypeOther" enabled="true" visible="false" accessible="false" x="0" y="1234" width="393" height="73" index="4">
                                  <XCUIElementTypeButton type="XCUIElementTypeButton" enabled="true" visible="false" accessible="true" x="0" y="1234" width="393" height="73" index="0">
                                    <XCUIElementTypeStaticText type="XCUIElementTypeStaticText" enabled="true" visible="false" accessible="false" x="0" y="1234" width="0" height="0" index="0"/>
                                  </XCUIElementTypeButton>
                                  <XCUIElementTypeOther type="XCUIElementTypeOther" enabled="true" visible="false" accessible="false" x="165" y="1262" width="17" height="17" index="1">
                                    <XCUIElementTypeOther type="XCUIElementTypeOther" enabled="true" visible="false" accessible="false" x="165" y="1262" width="17" height="17" index="0"/>
                                  </XCUIElementTypeOther>
                                </XCUIElementTypeOther>
                              </XCUIElementTypeCollectionView>
                            </XCUIElementTypeOther>
                          </XCUIElementTypeOther>
                        </XCUIElementTypeScrollView>
                      </XCUIElementTypeOther>
                      <XCUIElementTypeButton type="XCUIElementTypeButton" name="profile menu btn white" label="profile menu btn white" enabled="true" visible="true" accessible="true" x="12" y="66" width="31" height="30" index="2"/>
                      <XCUIElementTypeButton type="XCUIElementTypeButton" name="邀请码" label="邀请码" enabled="true" visible="true" accessible="true" x="232" y="67" width="72" height="28" index="3">
                        <XCUIElementTypeStaticText type="XCUIElementTypeStaticText" value="邀请码" name="邀请码" label="邀请码" enabled="true" visible="true" accessible="false" x="260" y="73" width="36" height="16" index="0"/>
                      </XCUIElementTypeButton>
                      <XCUIElementTypeButton type="XCUIElementTypeButton" name="nav item scan white" label="nav item scan white" enabled="true" visible="true" accessible="true" x="318" y="67" width="28" height="28" index="4"/>
                      <XCUIElementTypeButton type="XCUIElementTypeButton" name="nav item share white" label="nav item share white" enabled="true" visible="true" accessible="true" x="353" y="67" width="28" height="28" index="5"/>
                    </XCUIElementTypeOther>
                  </XCUIElementTypeOther>
                  <XCUIElementTypeOther type="XCUIElementTypeOther" enabled="true" visible="true" accessible="false" x="0" y="772" width="393" height="46" index="1">
                    <XCUIElementTypeOther type="XCUIElementTypeOther" name="首页 标签 " label="首页 标签 " enabled="true" visible="true" accessible="true" x="0" y="772" width="79" height="46" index="0"/>
                    <XCUIElementTypeOther type="XCUIElementTypeOther" name="广场 标签 " label="广场 标签 " enabled="true" visible="true" accessible="true" x="78" y="772" width="80" height="46" index="1"/>
                    <XCUIElementTypeOther type="XCUIElementTypeOther" name="发布 标签 " label="发布 标签 " enabled="true" visible="true" accessible="true" x="157" y="772" width="79" height="46" index="2"/>
                    <XCUIElementTypeOther type="XCUIElementTypeOther" name="消息 标签 " label="消息 标签 " enabled="true" visible="true" accessible="true" x="235" y="772" width="80" height="46" index="3"/>
                    <XCUIElementTypeOther type="XCUIElementTypeOther" name="已选定 我的 标签 " label="已选定 我的 标签 " enabled="true" visible="true" accessible="true" x="314" y="772" width="79" height="46" index="4"/>
                  </XCUIElementTypeOther>
                </XCUIElementTypeOther>
              </XCUIElementTypeOther>
            </XCUIElementTypeOther>
          </XCUIElementTypeOther>
        </XCUIElementTypeOther>
      </XCUIElementTypeOther>
    </XCUIElementTypeWindow>
  </XCUIElementTypeApplication>
</AppiumAUT>
