<?xml version="1.0" encoding="UTF-8"?>
<AppiumAUT>
  <XCUIElementTypeApplication type="XCUIElementTypeApplication" name="网易小蜜蜂" label="网易小蜜蜂" enabled="true" visible="true" accessible="false" x="0" y="0" width="393" height="852" index="0">
    <XCUIElementTypeWindow type="XCUIElementTypeWindow" enabled="true" visible="true" accessible="false" x="0" y="0" width="393" height="852" index="0">
      <XCUIElementTypeOther type="XCUIElementTypeOther" enabled="true" visible="true" accessible="false" x="0" y="0" width="393" height="852" index="0">
        <XCUIElementTypeOther type="XCUIElementTypeOther" enabled="true" visible="true" accessible="false" x="0" y="0" width="393" height="852" index="0">
          <XCUIElementTypeOther type="XCUIElementTypeOther" enabled="true" visible="true" accessible="false" x="0" y="0" width="393" height="852" index="0">
            <XCUIElementTypeOther type="XCUIElementTypeOther" enabled="true" visible="true" accessible="false" x="0" y="0" width="393" height="852" index="0">
              <XCUIElementTypeOther type="XCUIElementTypeOther" enabled="true" visible="true" accessible="false" x="0" y="0" width="393" height="852" index="0">
                <XCUIElementTypeOther type="XCUIElementTypeOther" enabled="true" visible="true" accessible="false" x="0" y="0" width="393" height="852" index="0">
                  <XCUIElementTypeOther type="XCUIElementTypeOther" enabled="true" visible="true" accessible="false" x="0" y="0" width="393" height="852" index="0">
                    <XCUIElementTypeOther type="XCUIElementTypeOther" enabled="true" visible="true" accessible="false" x="0" y="0" width="393" height="772" index="0">
                      <XCUIElementTypeOther type="XCUIElementTypeOther" enabled="true" visible="true" accessible="false" x="0" y="59" width="393" height="44" index="0">
                        <XCUIElementTypeButton type="XCUIElementTypeButton" name="已选中:关注" label="已选中:关注" enabled="true" visible="true" accessible="true" x="91" y="59" width="71" height="39" index="0">
                          <XCUIElementTypeButton type="XCUIElementTypeButton" name="关注" label="关注" enabled="true" visible="false" accessible="false" x="109" y="66" width="35" height="25" index="0"/>
                        </XCUIElementTypeButton>
                        <XCUIElementTypeButton type="XCUIElementTypeButton" name="发现" label="发现" enabled="true" visible="true" accessible="true" x="161" y="59" width="71" height="39" index="1">
                          <XCUIElementTypeButton type="XCUIElementTypeButton" name="发现" label="发现" enabled="true" visible="false" accessible="false" x="179" y="66" width="35" height="25" index="0"/>
                        </XCUIElementTypeButton>
                        <XCUIElementTypeButton type="XCUIElementTypeButton" name="蜂巢" label="蜂巢" enabled="true" visible="true" accessible="true" x="231" y="59" width="71" height="39" index="2">
                          <XCUIElementTypeButton type="XCUIElementTypeButton" name="蜂巢" label="蜂巢" enabled="true" visible="false" accessible="false" x="249" y="66" width="35" height="25" index="0"/>
                        </XCUIElementTypeButton>
                      </XCUIElementTypeOther>
                      <XCUIElementTypeButton type="XCUIElementTypeButton" name="home navigation search" label="home navigation search" enabled="true" visible="true" accessible="true" x="344" y="57" width="49" height="44" index="1"/>
                      <XCUIElementTypeButton type="XCUIElementTypeButton" enabled="true" visible="true" accessible="true" x="11" y="66" width="49" height="28" index="2">
                        <XCUIElementTypeStaticText type="XCUIElementTypeStaticText" enabled="true" visible="false" accessible="false" x="11" y="66" width="1" height="0" index="0"/>
                      </XCUIElementTypeButton>
                      <XCUIElementTypeOther type="XCUIElementTypeOther" enabled="true" visible="true" accessible="false" x="0" y="103" width="393" height="80" index="3"/>
                      <XCUIElementTypeScrollView type="XCUIElementTypeScrollView" enabled="true" visible="true" accessible="false" x="0" y="103" width="393" height="669" index="4">
                        <XCUIElementTypeOther type="XCUIElementTypeOther" enabled="true" visible="true" accessible="false" x="0" y="103" width="393" height="669" index="0">
                          <XCUIElementTypeOther type="XCUIElementTypeOther" enabled="true" visible="true" accessible="false" x="0" y="103" width="393" height="669" index="0">
                            <XCUIElementTypeOther type="XCUIElementTypeOther" enabled="true" visible="true" accessible="false" x="0" y="103" width="393" height="669" index="0">
                              <XCUIElementTypeCollectionView type="XCUIElementTypeCollectionView" enabled="true" visible="true" accessible="false" x="0" y="103" width="393" height="669" index="0">
                                <XCUIElementTypeOther type="XCUIElementTypeOther" enabled="true" visible="true" accessible="false" x="0" y="103" width="393" height="30" index="0"/>
                                <XCUIElementTypeCell type="XCUIElementTypeCell" enabled="true" visible="true" accessible="false" x="5" y="108" width="189" height="320" index="1">
                                  <XCUIElementTypeOther type="XCUIElementTypeOther" enabled="true" visible="true" accessible="false" x="5" y="108" width="189" height="320" index="0">
                                    <XCUIElementTypeImage type="XCUIElementTypeImage" enabled="true" visible="true" accessible="false" x="5" y="108" width="189" height="252" index="0"/>
                                    <XCUIElementTypeOther type="XCUIElementTypeOther" enabled="true" visible="true" accessible="false" x="17" y="368" width="165" height="26" index="1">
                                      <XCUIElementTypeOther type="XCUIElementTypeOther" name="输入一段话" label="输入一段话" enabled="true" visible="true" accessible="true" x="17" y="368" width="165" height="26" index="0"/>
                                    </XCUIElementTypeOther>
                                    <XCUIElementTypeButton type="XCUIElementTypeButton" enabled="true" visible="true" accessible="true" x="17" y="394" width="68" height="20" index="2">
                                      <XCUIElementTypeStaticText type="XCUIElementTypeStaticText" enabled="true" visible="false" accessible="false" x="17" y="394" width="0" height="0" index="0"/>
                                      <XCUIElementTypeStaticText type="XCUIElementTypeStaticText" value="森林酒馆" name="森林酒馆" label="森林酒馆" enabled="true" visible="true" accessible="false" x="37" y="397" width="48" height="15" index="1"/>
                                      <XCUIElementTypeStaticText type="XCUIElementTypeStaticText" value="匿名" name="匿名" label="匿名" enabled="true" visible="false" accessible="false" x="61" y="398" width="20" height="12" index="2"/>
                                    </XCUIElementTypeButton>
                                    <XCUIElementTypeButton type="XCUIElementTypeButton" enabled="true" visible="true" accessible="true" x="151" y="394" width="43" height="20" index="3">
                                      <XCUIElementTypeStaticText type="XCUIElementTypeStaticText" enabled="true" visible="false" accessible="false" x="151" y="394" width="0" height="0" index="0"/>
                                      <XCUIElementTypeStaticText type="XCUIElementTypeStaticText" enabled="true" visible="false" accessible="false" x="151" y="394" width="0" height="0" index="1"/>
                                      <XCUIElementTypeStaticText type="XCUIElementTypeStaticText" value="赞" name="赞" label="赞" enabled="true" visible="true" accessible="false" x="171" y="396" width="13" height="16" index="2"/>
                                    </XCUIElementTypeButton>
                                  </XCUIElementTypeOther>
                                </XCUIElementTypeCell>
                                <XCUIElementTypeOther type="XCUIElementTypeOther" value="0%" name="垂直滚动条, 2页" label="垂直滚动条, 2页" enabled="true" visible="true" accessible="false" x="360" y="103" width="30" height="669" index="2">
                                  <XCUIElementTypeOther type="XCUIElementTypeOther" enabled="true" visible="true" accessible="false" x="387" y="106" width="3" height="598" index="0"/>
                                </XCUIElementTypeOther>
                                <XCUIElementTypeOther type="XCUIElementTypeOther" value="0%" name="垂直滚动条, 2页" label="垂直滚动条, 2页" enabled="true" visible="true" accessible="false" x="360" y="103" width="30" height="669" index="3">
                                  <XCUIElementTypeOther type="XCUIElementTypeOther" enabled="true" visible="true" accessible="false" x="387" y="106" width="3" height="598" index="0"/>
                                </XCUIElementTypeOther>
                              </XCUIElementTypeCollectionView>
                            </XCUIElementTypeOther>
                          </XCUIElementTypeOther>
                        </XCUIElementTypeOther>
                      </XCUIElementTypeScrollView>
                    </XCUIElementTypeOther>
                  </XCUIElementTypeOther>
                  <XCUIElementTypeOther type="XCUIElementTypeOther" enabled="true" visible="true" accessible="false" x="0" y="772" width="393" height="46" index="1">
                    <XCUIElementTypeOther type="XCUIElementTypeOther" name="已选定 首页 标签 " label="已选定 首页 标签 " enabled="true" visible="true" accessible="true" x="0" y="772" width="79" height="46" index="0"/>
                    <XCUIElementTypeOther type="XCUIElementTypeOther" name="广场 标签 " label="广场 标签 " enabled="true" visible="true" accessible="true" x="78" y="772" width="80" height="46" index="1"/>
                    <XCUIElementTypeOther type="XCUIElementTypeOther" name="发布 标签 " label="发布 标签 " enabled="true" visible="true" accessible="true" x="157" y="772" width="79" height="46" index="2"/>
                    <XCUIElementTypeOther type="XCUIElementTypeOther" name="消息 标签 " label="消息 标签 " enabled="true" visible="true" accessible="true" x="235" y="772" width="80" height="46" index="3"/>
                    <XCUIElementTypeOther type="XCUIElementTypeOther" name="我的 标签 " label="我的 标签 " enabled="true" visible="true" accessible="true" x="314" y="772" width="79" height="46" index="4"/>
                  </XCUIElementTypeOther>
                </XCUIElementTypeOther>
              </XCUIElementTypeOther>
            </XCUIElementTypeOther>
          </XCUIElementTypeOther>
        </XCUIElementTypeOther>
      </XCUIElementTypeOther>
    </XCUIElementTypeWindow>
    <XCUIElementTypeWindow type="XCUIElementTypeWindow" enabled="true" visible="false" accessible="false" x="0" y="0" width="393" height="852" index="1">
      <XCUIElementTypeOther type="XCUIElementTypeOther" enabled="true" visible="false" accessible="false" x="0" y="0" width="393" height="852" index="0">
        <XCUIElementTypeOther type="XCUIElementTypeOther" enabled="true" visible="false" accessible="false" x="0" y="0" width="393" height="852" index="0"/>
        <XCUIElementTypeOther type="XCUIElementTypeOther" enabled="true" visible="false" accessible="false" x="0" y="852" width="393" height="233" index="1"/>
      </XCUIElementTypeOther>
    </XCUIElementTypeWindow>
  </XCUIElementTypeApplication>
</AppiumAUT>
