<?xml version="1.0" encoding="UTF-8"?>
<AppiumAUT>
  <XCUIElementTypeApplication type="XCUIElementTypeApplication" name="网易小蜜蜂" label="网易小蜜蜂" enabled="true" visible="true" accessible="false" x="0" y="0" width="393" height="852" index="0">
    <XCUIElementTypeWindow type="XCUIElementTypeWindow" enabled="true" visible="true" accessible="false" x="0" y="0" width="393" height="852" index="0">
      <XCUIElementTypeOther type="XCUIElementTypeOther" enabled="true" visible="true" accessible="false" x="0" y="0" width="393" height="852" index="0">
        <XCUIElementTypeOther type="XCUIElementTypeOther" enabled="true" visible="true" accessible="false" x="0" y="0" width="393" height="852" index="0">
          <XCUIElementTypeOther type="XCUIElementTypeOther" enabled="true" visible="true" accessible="false" x="0" y="0" width="393" height="852" index="0">
            <XCUIElementTypeOther type="XCUIElementTypeOther" enabled="true" visible="true" accessible="false" x="0" y="0" width="393" height="852" index="0">
              <XCUIElementTypeOther type="XCUIElementTypeOther" enabled="true" visible="true" accessible="false" x="0" y="0" width="393" height="852" index="0">
                <XCUIElementTypeOther type="XCUIElementTypeOther" enabled="true" visible="true" accessible="false" x="0" y="0" width="393" height="852" index="0">
                  <XCUIElementTypeOther type="XCUIElementTypeOther" enabled="true" visible="true" accessible="false" x="0" y="0" width="393" height="852" index="0">
                    <XCUIElementTypeOther type="XCUIElementTypeOther" enabled="true" visible="true" accessible="false" x="0" y="0" width="393" height="772" index="0">
                      <XCUIElementTypeOther type="XCUIElementTypeOther" enabled="true" visible="true" accessible="false" x="0" y="59" width="393" height="44" index="0">
                        <XCUIElementTypeButton type="XCUIElementTypeButton" name="关注" label="关注" enabled="true" visible="true" accessible="true" x="91" y="59" width="71" height="39" index="0">
                          <XCUIElementTypeButton type="XCUIElementTypeButton" name="关注" label="关注" enabled="true" visible="false" accessible="false" x="109" y="66" width="35" height="25" index="0"/>
                        </XCUIElementTypeButton>
                        <XCUIElementTypeButton type="XCUIElementTypeButton" name="已选中:发现" label="已选中:发现" enabled="true" visible="true" accessible="true" x="161" y="59" width="71" height="39" index="1">
                          <XCUIElementTypeButton type="XCUIElementTypeButton" name="发现" label="发现" enabled="true" visible="false" accessible="false" x="179" y="66" width="35" height="25" index="0"/>
                        </XCUIElementTypeButton>
                        <XCUIElementTypeButton type="XCUIElementTypeButton" name="蜂巢" label="蜂巢" enabled="true" visible="true" accessible="true" x="231" y="59" width="71" height="39" index="2">
                          <XCUIElementTypeButton type="XCUIElementTypeButton" name="蜂巢" label="蜂巢" enabled="true" visible="false" accessible="false" x="249" y="66" width="35" height="25" index="0"/>
                        </XCUIElementTypeButton>
                      </XCUIElementTypeOther>
                      <XCUIElementTypeButton type="XCUIElementTypeButton" name="home navigation search" label="home navigation search" enabled="true" visible="true" accessible="true" x="344" y="57" width="49" height="44" index="1"/>
                      <XCUIElementTypeButton type="XCUIElementTypeButton" enabled="true" visible="true" accessible="true" x="11" y="66" width="49" height="28" index="2">
                        <XCUIElementTypeStaticText type="XCUIElementTypeStaticText" enabled="true" visible="false" accessible="false" x="11" y="66" width="1" height="0" index="0"/>
                      </XCUIElementTypeButton>
                      <XCUIElementTypeOther type="XCUIElementTypeOther" enabled="true" visible="true" accessible="false" x="0" y="103" width="393" height="80" index="3"/>
                      <XCUIElementTypeScrollView type="XCUIElementTypeScrollView" enabled="true" visible="true" accessible="false" x="0" y="103" width="393" height="669" index="4">
                        <XCUIElementTypeOther type="XCUIElementTypeOther" enabled="true" visible="true" accessible="false" x="0" y="103" width="393" height="669" index="0">
                          <XCUIElementTypeOther type="XCUIElementTypeOther" enabled="true" visible="true" accessible="false" x="0" y="103" width="393" height="669" index="0">
                            <XCUIElementTypeOther type="XCUIElementTypeOther" enabled="true" visible="true" accessible="false" x="0" y="103" width="393" height="669" index="0">
                              <XCUIElementTypeCollectionView type="XCUIElementTypeCollectionView" enabled="true" visible="true" accessible="false" x="0" y="103" width="393" height="669" index="0">
                                <XCUIElementTypeOther type="XCUIElementTypeOther" enabled="true" visible="true" accessible="false" x="0" y="103" width="393" height="30" index="0"/>
                                <XCUIElementTypeCell type="XCUIElementTypeCell" enabled="true" visible="true" accessible="false" x="5" y="108" width="189" height="320" index="1">
                                  <XCUIElementTypeOther type="XCUIElementTypeOther" enabled="true" visible="true" accessible="false" x="5" y="108" width="189" height="320" index="0">
                                    <XCUIElementTypeImage type="XCUIElementTypeImage" enabled="true" visible="true" accessible="false" x="5" y="108" width="189" height="252" index="0"/>
                                    <XCUIElementTypeOther type="XCUIElementTypeOther" enabled="true" visible="true" accessible="false" x="17" y="368" width="165" height="26" index="1">
                                      <XCUIElementTypeOther type="XCUIElementTypeOther" name="从没想过我大学超能赚钱" label="从没想过我大学超能赚钱" enabled="true" visible="true" accessible="true" x="17" y="368" width="165" height="26" index="0"/>
                                    </XCUIElementTypeOther>
                                    <XCUIElementTypeButton type="XCUIElementTypeButton" enabled="true" visible="true" accessible="true" x="17" y="394" width="80" height="20" index="2">
                                      <XCUIElementTypeStaticText type="XCUIElementTypeStaticText" enabled="true" visible="false" accessible="false" x="17" y="394" width="0" height="0" index="0"/>
                                      <XCUIElementTypeStaticText type="XCUIElementTypeStaticText" value="茉莉清茶茶" name="茉莉清茶茶" label="茉莉清茶茶" enabled="true" visible="true" accessible="false" x="37" y="397" width="60" height="15" index="1"/>
                                      <XCUIElementTypeStaticText type="XCUIElementTypeStaticText" value="匿名" name="匿名" label="匿名" enabled="true" visible="false" accessible="false" x="72" y="398" width="21" height="12" index="2"/>
                                    </XCUIElementTypeButton>
                                    <XCUIElementTypeButton type="XCUIElementTypeButton" enabled="true" visible="true" accessible="true" x="152" y="394" width="42" height="20" index="3">
                                      <XCUIElementTypeStaticText type="XCUIElementTypeStaticText" enabled="true" visible="false" accessible="false" x="152" y="394" width="0" height="0" index="0"/>
                                      <XCUIElementTypeStaticText type="XCUIElementTypeStaticText" enabled="true" visible="false" accessible="false" x="152" y="394" width="0" height="0" index="1"/>
                                      <XCUIElementTypeStaticText type="XCUIElementTypeStaticText" value="17" name="17" label="17" enabled="true" visible="true" accessible="false" x="172" y="396" width="12" height="16" index="2"/>
                                    </XCUIElementTypeButton>
                                  </XCUIElementTypeOther>
                                </XCUIElementTypeCell>
                                <XCUIElementTypeCell type="XCUIElementTypeCell" enabled="true" visible="true" accessible="false" x="199" y="108" width="189" height="317" index="2">
                                  <XCUIElementTypeOther type="XCUIElementTypeOther" enabled="true" visible="true" accessible="false" x="199" y="108" width="189" height="317" index="0">
                                    <XCUIElementTypeImage type="XCUIElementTypeImage" enabled="true" visible="true" accessible="false" x="199" y="108" width="189" height="249" index="0"/>
                                    <XCUIElementTypeOther type="XCUIElementTypeOther" enabled="true" visible="true" accessible="false" x="211" y="364" width="165" height="27" index="1">
                                      <XCUIElementTypeOther type="XCUIElementTypeOther" name="有没有小蜜蜂赚钱技巧啊" label="有没有小蜜蜂赚钱技巧啊" enabled="true" visible="true" accessible="true" x="211" y="364" width="165" height="27" index="0"/>
                                    </XCUIElementTypeOther>
                                    <XCUIElementTypeButton type="XCUIElementTypeButton" enabled="true" visible="true" accessible="true" x="211" y="390" width="80" height="21" index="2">
                                      <XCUIElementTypeStaticText type="XCUIElementTypeStaticText" enabled="true" visible="false" accessible="false" x="211" y="390" width="0" height="1" index="0"/>
                                      <XCUIElementTypeStaticText type="XCUIElementTypeStaticText" value="噜噜猪露露" name="噜噜猪露露" label="噜噜猪露露" enabled="true" visible="true" accessible="false" x="231" y="393" width="60" height="15" index="1"/>
                                      <XCUIElementTypeStaticText type="XCUIElementTypeStaticText" value="匿名" name="匿名" label="匿名" enabled="true" visible="false" accessible="false" x="266" y="394" width="21" height="13" index="2"/>
                                    </XCUIElementTypeButton>
                                    <XCUIElementTypeButton type="XCUIElementTypeButton" enabled="true" visible="true" accessible="true" x="346" y="390" width="42" height="21" index="3">
                                      <XCUIElementTypeStaticText type="XCUIElementTypeStaticText" enabled="true" visible="false" accessible="false" x="346" y="390" width="0" height="1" index="0"/>
                                      <XCUIElementTypeStaticText type="XCUIElementTypeStaticText" enabled="true" visible="false" accessible="false" x="346" y="390" width="0" height="1" index="1"/>
                                      <XCUIElementTypeStaticText type="XCUIElementTypeStaticText" value="17" name="17" label="17" enabled="true" visible="true" accessible="false" x="366" y="392" width="12" height="17" index="2"/>
                                    </XCUIElementTypeButton>
                                  </XCUIElementTypeOther>
                                </XCUIElementTypeCell>
                                <XCUIElementTypeCell type="XCUIElementTypeCell" enabled="true" visible="true" accessible="false" x="5" y="434" width="189" height="341" index="3">
                                  <XCUIElementTypeOther type="XCUIElementTypeOther" enabled="true" visible="true" accessible="false" x="5" y="434" width="189" height="341" index="0">
                                    <XCUIElementTypeImage type="XCUIElementTypeImage" enabled="true" visible="true" accessible="false" x="5" y="434" width="189" height="252" index="0">
                                      <XCUIElementTypeImage type="XCUIElementTypeImage" name="video_list_cell_icon" enabled="true" visible="true" accessible="false" x="166" y="442" width="20" height="20" index="0"/>
                                    </XCUIElementTypeImage>
                                    <XCUIElementTypeOther type="XCUIElementTypeOther" enabled="true" visible="true" accessible="false" x="17" y="694" width="165" height="47" index="1">
                                      <XCUIElementTypeOther type="XCUIElementTypeOther" name="享受独处丨很喜欢烤得脆脆的年糕" label="享受独处丨很喜欢烤得脆脆的年糕" enabled="true" visible="true" accessible="true" x="17" y="694" width="165" height="47" index="0"/>
                                    </XCUIElementTypeOther>
                                    <XCUIElementTypeButton type="XCUIElementTypeButton" enabled="true" visible="true" accessible="true" x="17" y="741" width="68" height="20" index="2">
                                      <XCUIElementTypeStaticText type="XCUIElementTypeStaticText" enabled="true" visible="false" accessible="false" x="17" y="741" width="0" height="0" index="0"/>
                                      <XCUIElementTypeStaticText type="XCUIElementTypeStaticText" value="Pretty10" name="Pretty10" label="Pretty10" enabled="true" visible="true" accessible="false" x="37" y="744" width="48" height="15" index="1"/>
                                      <XCUIElementTypeStaticText type="XCUIElementTypeStaticText" value="匿名" name="匿名" label="匿名" enabled="true" visible="false" accessible="false" x="60" y="745" width="21" height="12" index="2"/>
                                    </XCUIElementTypeButton>
                                    <XCUIElementTypeButton type="XCUIElementTypeButton" enabled="true" visible="true" accessible="true" x="143" y="741" width="51" height="20" index="3">
                                      <XCUIElementTypeStaticText type="XCUIElementTypeStaticText" enabled="true" visible="false" accessible="false" x="143" y="741" width="0" height="0" index="0"/>
                                      <XCUIElementTypeStaticText type="XCUIElementTypeStaticText" enabled="true" visible="false" accessible="false" x="143" y="741" width="0" height="0" index="1"/>
                                      <XCUIElementTypeStaticText type="XCUIElementTypeStaticText" value="184" name="184" label="184" enabled="true" visible="true" accessible="false" x="163" y="743" width="21" height="16" index="2"/>
                                    </XCUIElementTypeButton>
                                  </XCUIElementTypeOther>
                                </XCUIElementTypeCell>
                                <XCUIElementTypeCell type="XCUIElementTypeCell" enabled="true" visible="true" accessible="false" x="199" y="430" width="189" height="321" index="4">
                                  <XCUIElementTypeOther type="XCUIElementTypeOther" enabled="true" visible="true" accessible="false" x="199" y="430" width="189" height="321" index="0">
                                    <XCUIElementTypeImage type="XCUIElementTypeImage" enabled="true" visible="true" accessible="false" x="199" y="430" width="189" height="253" index="0"/>
                                    <XCUIElementTypeOther type="XCUIElementTypeOther" enabled="true" visible="true" accessible="false" x="211" y="690" width="165" height="27" index="1">
                                      <XCUIElementTypeOther type="XCUIElementTypeOther" name="被环球影城拒绝入园了" label="被环球影城拒绝入园了" enabled="true" visible="true" accessible="true" x="211" y="690" width="165" height="27" index="0"/>
                                    </XCUIElementTypeOther>
                                    <XCUIElementTypeButton type="XCUIElementTypeButton" enabled="true" visible="true" accessible="true" x="211" y="716" width="68" height="21" index="2">
                                      <XCUIElementTypeStaticText type="XCUIElementTypeStaticText" enabled="true" visible="false" accessible="false" x="211" y="716" width="0" height="1" index="0"/>
                                      <XCUIElementTypeStaticText type="XCUIElementTypeStaticText" value="金水耶耶" name="金水耶耶" label="金水耶耶" enabled="true" visible="true" accessible="false" x="231" y="719" width="48" height="15" index="1"/>
                                      <XCUIElementTypeStaticText type="XCUIElementTypeStaticText" value="匿名" name="匿名" label="匿名" enabled="true" visible="false" accessible="false" x="255" y="720" width="20" height="13" index="2"/>
                                    </XCUIElementTypeButton>
                                    <XCUIElementTypeButton type="XCUIElementTypeButton" enabled="true" visible="true" accessible="true" x="342" y="716" width="46" height="21" index="3">
                                      <XCUIElementTypeStaticText type="XCUIElementTypeStaticText" enabled="true" visible="false" accessible="false" x="342" y="716" width="0" height="1" index="0"/>
                                      <XCUIElementTypeStaticText type="XCUIElementTypeStaticText" enabled="true" visible="false" accessible="false" x="342" y="716" width="0" height="1" index="1"/>
                                      <XCUIElementTypeStaticText type="XCUIElementTypeStaticText" value="55" name="55" label="55" enabled="true" visible="true" accessible="false" x="362" y="718" width="16" height="17" index="2"/>
                                    </XCUIElementTypeButton>
                                  </XCUIElementTypeOther>
                                </XCUIElementTypeCell>
                                <XCUIElementTypeCell type="XCUIElementTypeCell" enabled="true" visible="true" accessible="false" x="199" y="756" width="189" height="321" index="5">
                                  <XCUIElementTypeOther type="XCUIElementTypeOther" enabled="true" visible="true" accessible="false" x="199" y="756" width="189" height="321" index="0">
                                    <XCUIElementTypeImage type="XCUIElementTypeImage" enabled="true" visible="true" accessible="false" x="199" y="756" width="189" height="253" index="0"/>
                                    <XCUIElementTypeOther type="XCUIElementTypeOther" enabled="true" visible="false" accessible="false" x="211" y="1016" width="165" height="27" index="1">
                                      <XCUIElementTypeOther type="XCUIElementTypeOther" name="想赚点生活费不用愁" label="想赚点生活费不用愁" enabled="true" visible="false" accessible="true" x="211" y="1016" width="165" height="27" index="0"/>
                                    </XCUIElementTypeOther>
                                    <XCUIElementTypeButton type="XCUIElementTypeButton" enabled="true" visible="false" accessible="true" x="211" y="1042" width="92" height="21" index="2">
                                      <XCUIElementTypeStaticText type="XCUIElementTypeStaticText" enabled="true" visible="false" accessible="false" x="211" y="1042" width="0" height="1" index="0"/>
                                      <XCUIElementTypeStaticText type="XCUIElementTypeStaticText" value="冲呀职场生活" name="冲呀职场生活" label="冲呀职场生活" enabled="true" visible="false" accessible="false" x="231" y="1045" width="72" height="15" index="1"/>
                                      <XCUIElementTypeStaticText type="XCUIElementTypeStaticText" value="匿名" name="匿名" label="匿名" enabled="true" visible="false" accessible="false" x="278" y="1046" width="21" height="13" index="2"/>
                                    </XCUIElementTypeButton>
                                    <XCUIElementTypeButton type="XCUIElementTypeButton" enabled="true" visible="false" accessible="true" x="340" y="1042" width="48" height="21" index="3">
                                      <XCUIElementTypeStaticText type="XCUIElementTypeStaticText" enabled="true" visible="false" accessible="false" x="340" y="1042" width="0" height="1" index="0"/>
                                      <XCUIElementTypeStaticText type="XCUIElementTypeStaticText" enabled="true" visible="false" accessible="false" x="340" y="1042" width="0" height="1" index="1"/>
                                      <XCUIElementTypeStaticText type="XCUIElementTypeStaticText" value="116" name="116" label="116" enabled="true" visible="false" accessible="false" x="360" y="1044" width="18" height="17" index="2"/>
                                    </XCUIElementTypeButton>
                                  </XCUIElementTypeOther>
                                </XCUIElementTypeCell>
                                <XCUIElementTypeOther type="XCUIElementTypeOther" enabled="true" visible="false" accessible="false" x="0" y="3493" width="393" height="73" index="6">
                                  <XCUIElementTypeButton type="XCUIElementTypeButton" enabled="true" visible="false" accessible="true" x="0" y="3493" width="393" height="73" index="0">
                                    <XCUIElementTypeStaticText type="XCUIElementTypeStaticText" enabled="true" visible="false" accessible="false" x="0" y="3493" width="0" height="0" index="0"/>
                                  </XCUIElementTypeButton>
                                  <XCUIElementTypeOther type="XCUIElementTypeOther" enabled="true" visible="false" accessible="false" x="165" y="3521" width="17" height="17" index="1">
                                    <XCUIElementTypeOther type="XCUIElementTypeOther" enabled="true" visible="false" accessible="false" x="165" y="3521" width="17" height="17" index="0"/>
                                  </XCUIElementTypeOther>
                                </XCUIElementTypeOther>
                                <XCUIElementTypeOther type="XCUIElementTypeOther" value="0%" name="垂直滚动条, 6页" label="垂直滚动条, 6页" enabled="true" visible="true" accessible="false" x="360" y="103" width="30" height="669" index="7">
                                  <XCUIElementTypeOther type="XCUIElementTypeOther" enabled="true" visible="true" accessible="false" x="387" y="106" width="3" height="128" index="0"/>
                                </XCUIElementTypeOther>
                                <XCUIElementTypeOther type="XCUIElementTypeOther" value="0%" name="垂直滚动条, 6页" label="垂直滚动条, 6页" enabled="true" visible="true" accessible="false" x="360" y="103" width="30" height="669" index="8">
                                  <XCUIElementTypeOther type="XCUIElementTypeOther" enabled="true" visible="true" accessible="false" x="387" y="106" width="3" height="128" index="0"/>
                                </XCUIElementTypeOther>
                              </XCUIElementTypeCollectionView>
                            </XCUIElementTypeOther>
                          </XCUIElementTypeOther>
                        </XCUIElementTypeOther>
                      </XCUIElementTypeScrollView>
                    </XCUIElementTypeOther>
                  </XCUIElementTypeOther>
                  <XCUIElementTypeOther type="XCUIElementTypeOther" enabled="true" visible="true" accessible="false" x="0" y="772" width="393" height="46" index="1">
                    <XCUIElementTypeOther type="XCUIElementTypeOther" name="已选定 首页 标签 " label="已选定 首页 标签 " enabled="true" visible="true" accessible="true" x="0" y="772" width="79" height="46" index="0"/>
                    <XCUIElementTypeOther type="XCUIElementTypeOther" name="广场 标签 " label="广场 标签 " enabled="true" visible="true" accessible="true" x="78" y="772" width="80" height="46" index="1"/>
                    <XCUIElementTypeOther type="XCUIElementTypeOther" name="发布 标签 " label="发布 标签 " enabled="true" visible="true" accessible="true" x="157" y="772" width="79" height="46" index="2"/>
                    <XCUIElementTypeOther type="XCUIElementTypeOther" name="消息 标签 " label="消息 标签 " enabled="true" visible="true" accessible="true" x="235" y="772" width="80" height="46" index="3"/>
                    <XCUIElementTypeOther type="XCUIElementTypeOther" name="我的 标签 " label="我的 标签 " enabled="true" visible="true" accessible="true" x="314" y="772" width="79" height="46" index="4"/>
                  </XCUIElementTypeOther>
                </XCUIElementTypeOther>
              </XCUIElementTypeOther>
            </XCUIElementTypeOther>
          </XCUIElementTypeOther>
        </XCUIElementTypeOther>
      </XCUIElementTypeOther>
    </XCUIElementTypeWindow>
  </XCUIElementTypeApplication>
</AppiumAUT>
