<?xml version="1.0" encoding="UTF-8"?>
<AppiumAUT>
  <XCUIElementTypeApplication type="XCUIElementTypeApplication" name="网易小蜜蜂" label="网易小蜜蜂" enabled="true" visible="true" accessible="false" x="0" y="0" width="393" height="852" index="0">
    <XCUIElementTypeWindow type="XCUIElementTypeWindow" enabled="true" visible="true" accessible="false" x="0" y="0" width="393" height="852" index="0">
      <XCUIElementTypeOther type="XCUIElementTypeOther" enabled="true" visible="true" accessible="false" x="0" y="0" width="393" height="852" index="0">
        <XCUIElementTypeOther type="XCUIElementTypeOther" enabled="true" visible="true" accessible="false" x="0" y="0" width="393" height="852" index="0">
          <XCUIElementTypeOther type="XCUIElementTypeOther" enabled="true" visible="true" accessible="false" x="0" y="0" width="393" height="852" index="0">
            <XCUIElementTypeOther type="XCUIElementTypeOther" enabled="true" visible="true" accessible="false" x="0" y="0" width="393" height="852" index="0">
              <XCUIElementTypeOther type="XCUIElementTypeOther" enabled="true" visible="true" accessible="false" x="0" y="0" width="393" height="852" index="0">
                <XCUIElementTypeOther type="XCUIElementTypeOther" enabled="true" visible="true" accessible="false" x="0" y="0" width="393" height="852" index="0">
                  <XCUIElementTypeOther type="XCUIElementTypeOther" enabled="true" visible="true" accessible="false" x="0" y="59" width="393" height="44" index="0">
                    <XCUIElementTypeStaticText type="XCUIElementTypeStaticText" value="预览图" name="预览图" label="预览图" enabled="true" visible="true" accessible="true" x="146" y="59" width="101" height="44" index="0"/>
                    <XCUIElementTypeButton type="XCUIElementTypeButton" name="确定" label="确定" enabled="true" visible="true" accessible="true" x="319" y="68" width="58" height="26" index="1">
                      <XCUIElementTypeStaticText type="XCUIElementTypeStaticText" value="确定" name="确定" label="确定" enabled="true" visible="true" accessible="false" x="334" y="72" width="28" height="18" index="0"/>
                    </XCUIElementTypeButton>
                  </XCUIElementTypeOther>
                  <XCUIElementTypeButton type="XCUIElementTypeButton" name="返回" label="返回" enabled="true" visible="true" accessible="true" x="12" y="67" width="28" height="28" index="1"/>
                  <XCUIElementTypeImage type="XCUIElementTypeImage" enabled="true" visible="true" accessible="false" x="16" y="137" width="361" height="482" index="2"/>
                  <XCUIElementTypeStaticText type="XCUIElementTypeStaticText" value="选择喜欢的卡片" name="选择喜欢的卡片" label="选择喜欢的卡片" enabled="true" visible="true" accessible="true" x="16" y="638" width="98" height="21" index="3"/>
                  <XCUIElementTypeCollectionView type="XCUIElementTypeCollectionView" enabled="true" visible="true" accessible="false" x="0" y="674" width="393" height="106" index="4">
                    <XCUIElementTypeCell type="XCUIElementTypeCell" enabled="true" visible="true" accessible="false" x="16" y="674" width="64" height="106" index="0">
                      <XCUIElementTypeOther type="XCUIElementTypeOther" enabled="true" visible="true" accessible="false" x="16" y="674" width="64" height="106" index="0">
                        <XCUIElementTypeImage type="XCUIElementTypeImage" enabled="true" visible="false" accessible="false" x="16" y="674" width="64" height="87" index="0"/>
                        <XCUIElementTypeOther type="XCUIElementTypeOther" enabled="true" visible="true" accessible="false" x="16" y="674" width="64" height="87" index="1">
                          <XCUIElementTypeImage type="XCUIElementTypeImage" name="publish_change_text" enabled="true" visible="true" accessible="false" x="40" y="702" width="16" height="17" index="0"/>
                          <XCUIElementTypeStaticText type="XCUIElementTypeStaticText" value="换搭配" name="换搭配" label="换搭配" enabled="true" visible="true" accessible="true" x="30" y="720" width="36" height="15" index="1"/>
                        </XCUIElementTypeOther>
                        <XCUIElementTypeStaticText type="XCUIElementTypeStaticText" value="基础" name="基础" label="基础" enabled="true" visible="true" accessible="true" x="36" y="766" width="24" height="15" index="2"/>
                      </XCUIElementTypeOther>
                    </XCUIElementTypeCell>
                    <XCUIElementTypeCell type="XCUIElementTypeCell" enabled="true" visible="true" accessible="false" x="88" y="674" width="64" height="106" index="1">
                      <XCUIElementTypeOther type="XCUIElementTypeOther" enabled="true" visible="true" accessible="false" x="88" y="674" width="64" height="106" index="0">
                        <XCUIElementTypeImage type="XCUIElementTypeImage" enabled="true" visible="true" accessible="false" x="88" y="674" width="64" height="87" index="0"/>
                        <XCUIElementTypeStaticText type="XCUIElementTypeStaticText" value="便签" name="便签" label="便签" enabled="true" visible="true" accessible="true" x="108" y="766" width="24" height="15" index="1"/>
                      </XCUIElementTypeOther>
                    </XCUIElementTypeCell>
                    <XCUIElementTypeCell type="XCUIElementTypeCell" enabled="true" visible="true" accessible="false" x="160" y="674" width="64" height="106" index="2">
                      <XCUIElementTypeOther type="XCUIElementTypeOther" enabled="true" visible="true" accessible="false" x="160" y="674" width="64" height="106" index="0">
                        <XCUIElementTypeImage type="XCUIElementTypeImage" enabled="true" visible="true" accessible="false" x="160" y="674" width="64" height="87" index="0"/>
                        <XCUIElementTypeStaticText type="XCUIElementTypeStaticText" value="备忘录" name="备忘录" label="备忘录" enabled="true" visible="true" accessible="true" x="174" y="766" width="36" height="15" index="1"/>
                      </XCUIElementTypeOther>
                    </XCUIElementTypeCell>
                    <XCUIElementTypeCell type="XCUIElementTypeCell" enabled="true" visible="true" accessible="false" x="232" y="674" width="64" height="106" index="3">
                      <XCUIElementTypeOther type="XCUIElementTypeOther" enabled="true" visible="true" accessible="false" x="232" y="674" width="64" height="106" index="0">
                        <XCUIElementTypeImage type="XCUIElementTypeImage" enabled="true" visible="true" accessible="false" x="232" y="674" width="64" height="87" index="0"/>
                        <XCUIElementTypeStaticText type="XCUIElementTypeStaticText" value="二次元" name="二次元" label="二次元" enabled="true" visible="true" accessible="true" x="246" y="766" width="36" height="15" index="1"/>
                      </XCUIElementTypeOther>
                    </XCUIElementTypeCell>
                    <XCUIElementTypeCell type="XCUIElementTypeCell" enabled="true" visible="true" accessible="false" x="304" y="674" width="64" height="106" index="4">
                      <XCUIElementTypeOther type="XCUIElementTypeOther" enabled="true" visible="true" accessible="false" x="304" y="674" width="64" height="106" index="0">
                        <XCUIElementTypeImage type="XCUIElementTypeImage" enabled="true" visible="true" accessible="false" x="304" y="674" width="64" height="87" index="0"/>
                        <XCUIElementTypeStaticText type="XCUIElementTypeStaticText" value="手写" name="手写" label="手写" enabled="true" visible="true" accessible="true" x="324" y="766" width="24" height="15" index="1"/>
                      </XCUIElementTypeOther>
                    </XCUIElementTypeCell>
                    <XCUIElementTypeCell type="XCUIElementTypeCell" enabled="true" visible="true" accessible="false" x="376" y="674" width="64" height="106" index="5">
                      <XCUIElementTypeOther type="XCUIElementTypeOther" enabled="true" visible="true" accessible="false" x="376" y="674" width="64" height="106" index="0">
                        <XCUIElementTypeImage type="XCUIElementTypeImage" enabled="true" visible="true" accessible="false" x="376" y="674" width="64" height="87" index="0"/>
                        <XCUIElementTypeStaticText type="XCUIElementTypeStaticText" value="极简" name="极简" label="极简" enabled="true" visible="false" accessible="true" x="396" y="766" width="24" height="15" index="1"/>
                      </XCUIElementTypeOther>
                    </XCUIElementTypeCell>
                  </XCUIElementTypeCollectionView>
                </XCUIElementTypeOther>
              </XCUIElementTypeOther>
            </XCUIElementTypeOther>
          </XCUIElementTypeOther>
        </XCUIElementTypeOther>
      </XCUIElementTypeOther>
    </XCUIElementTypeWindow>
    <XCUIElementTypeWindow type="XCUIElementTypeWindow" enabled="true" visible="false" accessible="false" x="0" y="0" width="393" height="852" index="1">
      <XCUIElementTypeOther type="XCUIElementTypeOther" enabled="true" visible="false" accessible="false" x="0" y="0" width="393" height="852" index="0">
        <XCUIElementTypeOther type="XCUIElementTypeOther" enabled="true" visible="false" accessible="false" x="0" y="0" width="393" height="852" index="0"/>
        <XCUIElementTypeOther type="XCUIElementTypeOther" enabled="true" visible="false" accessible="false" x="0" y="852" width="393" height="233" index="1"/>
      </XCUIElementTypeOther>
    </XCUIElementTypeWindow>
  </XCUIElementTypeApplication>
</AppiumAUT>
