<?xml version="1.0" encoding="UTF-8"?>
<AppiumAUT>
  <XCUIElementTypeApplication type="XCUIElementTypeApplication" name="网易小蜜蜂" label="网易小蜜蜂" enabled="true" visible="true" accessible="false" x="0" y="0" width="393" height="852" index="0">
    <XCUIElementTypeWindow type="XCUIElementTypeWindow" enabled="true" visible="true" accessible="false" x="0" y="0" width="393" height="852" index="0">
      <XCUIElementTypeOther type="XCUIElementTypeOther" enabled="true" visible="true" accessible="false" x="0" y="0" width="393" height="852" index="0">
        <XCUIElementTypeOther type="XCUIElementTypeOther" enabled="true" visible="true" accessible="false" x="0" y="0" width="393" height="852" index="0">
          <XCUIElementTypeOther type="XCUIElementTypeOther" enabled="true" visible="true" accessible="false" x="0" y="0" width="393" height="852" index="0">
            <XCUIElementTypeOther type="XCUIElementTypeOther" enabled="true" visible="true" accessible="false" x="0" y="0" width="393" height="852" index="0">
              <XCUIElementTypeOther type="XCUIElementTypeOther" enabled="true" visible="true" accessible="false" x="0" y="0" width="393" height="852" index="0">
                <XCUIElementTypeOther type="XCUIElementTypeOther" enabled="true" visible="true" accessible="false" x="0" y="0" width="393" height="852" index="0">
                  <XCUIElementTypeOther type="XCUIElementTypeOther" enabled="true" visible="true" accessible="false" x="0" y="0" width="393" height="852" index="0">
                    <XCUIElementTypeOther type="XCUIElementTypeOther" enabled="true" visible="true" accessible="false" x="0" y="0" width="393" height="772" index="0">
                      <XCUIElementTypeOther type="XCUIElementTypeOther" enabled="true" visible="true" accessible="false" x="0" y="59" width="393" height="52" index="0">
                        <XCUIElementTypeButton type="XCUIElementTypeButton" name="创建群聊" label="创建群聊" enabled="true" visible="true" accessible="true" x="12" y="73" width="80" height="24" index="0">
                          <XCUIElementTypeStaticText type="XCUIElementTypeStaticText" value="创建群聊" name="创建群聊" label="创建群聊" enabled="true" visible="true" accessible="false" x="38" y="75" width="56" height="20" index="0"/>
                        </XCUIElementTypeButton>
                        <XCUIElementTypeStaticText type="XCUIElementTypeStaticText" value="消息" name="消息" label="消息" enabled="true" visible="true" accessible="true" x="179" y="73" width="35" height="24" index="1"/>
                        <XCUIElementTypeOther type="XCUIElementTypeOther" enabled="true" visible="true" accessible="false" x="357" y="73" width="24" height="24" index="2">
                          <XCUIElementTypeButton type="XCUIElementTypeButton" name="message navigation setting" label="message navigation setting" enabled="true" visible="true" accessible="true" x="357" y="73" width="24" height="24" index="0"/>
                        </XCUIElementTypeOther>
                      </XCUIElementTypeOther>
                      <XCUIElementTypeOther type="XCUIElementTypeOther" enabled="true" visible="true" accessible="false" x="0" y="111" width="393" height="661" index="1">
                        <XCUIElementTypeTable type="XCUIElementTypeTable" enabled="true" visible="true" accessible="false" x="0" y="111" width="393" height="661" index="0">
                          <XCUIElementTypeOther type="XCUIElementTypeOther" enabled="true" visible="true" accessible="false" x="51" y="134" width="44" height="68" index="0">
                            <XCUIElementTypeImage type="XCUIElementTypeImage" name="icon_like" enabled="true" visible="false" accessible="false" x="51" y="134" width="44" height="44" index="0"/>
                            <XCUIElementTypeButton type="XCUIElementTypeButton" enabled="true" visible="true" accessible="true" x="51" y="134" width="44" height="68" index="1">
                              <XCUIElementTypeStaticText type="XCUIElementTypeStaticText" enabled="true" visible="false" accessible="false" x="51" y="134" width="0" height="0" index="0"/>
                            </XCUIElementTypeButton>
                            <XCUIElementTypeImage type="XCUIElementTypeImage" enabled="true" visible="false" accessible="false" x="85" y="126" width="20" height="16" index="2">
                              <XCUIElementTypeOther type="XCUIElementTypeOther" enabled="true" visible="false" accessible="false" x="86" y="127" width="18" height="14" index="0"/>
                              <XCUIElementTypeStaticText type="XCUIElementTypeStaticText" value="35" name="35" label="35" enabled="true" visible="false" accessible="true" x="88" y="127" width="14" height="14" index="1"/>
                            </XCUIElementTypeImage>
                            <XCUIElementTypeStaticText type="XCUIElementTypeStaticText" value="赞和收藏" name="赞和收藏" label="赞和收藏" enabled="true" visible="false" accessible="true" x="47" y="186" width="52" height="16" index="3"/>
                          </XCUIElementTypeOther>
                          <XCUIElementTypeOther type="XCUIElementTypeOther" enabled="true" visible="true" accessible="false" x="174" y="134" width="45" height="68" index="1">
                            <XCUIElementTypeImage type="XCUIElementTypeImage" name="icon_new_fans" enabled="true" visible="false" accessible="false" x="174" y="134" width="45" height="44" index="0"/>
                            <XCUIElementTypeButton type="XCUIElementTypeButton" enabled="true" visible="true" accessible="true" x="174" y="134" width="45" height="68" index="1">
                              <XCUIElementTypeStaticText type="XCUIElementTypeStaticText" enabled="true" visible="false" accessible="false" x="174" y="134" width="1" height="0" index="0"/>
                            </XCUIElementTypeButton>
                            <XCUIElementTypeImage type="XCUIElementTypeImage" enabled="true" visible="false" accessible="false" x="215" y="130" width="8" height="8" index="2">
                              <XCUIElementTypeOther type="XCUIElementTypeOther" enabled="true" visible="false" accessible="false" x="215" y="130" width="8" height="8" index="0">
                                <XCUIElementTypeImage type="XCUIElementTypeImage" enabled="true" visible="false" accessible="false" x="215" y="130" width="8" height="8" index="0"/>
                                <XCUIElementTypeImage type="XCUIElementTypeImage" enabled="true" visible="false" accessible="false" x="215" y="130" width="8" height="8" index="1"/>
                              </XCUIElementTypeOther>
                            </XCUIElementTypeImage>
                            <XCUIElementTypeStaticText type="XCUIElementTypeStaticText" value="新增关注" name="新增关注" label="新增关注" enabled="true" visible="false" accessible="true" x="170" y="186" width="53" height="16" index="3"/>
                          </XCUIElementTypeOther>
                          <XCUIElementTypeOther type="XCUIElementTypeOther" enabled="true" visible="true" accessible="false" x="298" y="134" width="44" height="68" index="2">
                            <XCUIElementTypeImage type="XCUIElementTypeImage" name="icon_comment" enabled="true" visible="false" accessible="false" x="298" y="134" width="44" height="44" index="0"/>
                            <XCUIElementTypeButton type="XCUIElementTypeButton" enabled="true" visible="true" accessible="true" x="298" y="134" width="44" height="68" index="1">
                              <XCUIElementTypeStaticText type="XCUIElementTypeStaticText" enabled="true" visible="false" accessible="false" x="298" y="134" width="0" height="0" index="0"/>
                            </XCUIElementTypeButton>
                            <XCUIElementTypeStaticText type="XCUIElementTypeStaticText" value="评论" name="评论" label="评论" enabled="true" visible="false" accessible="true" x="307" y="186" width="26" height="16" index="2"/>
                          </XCUIElementTypeOther>
                          <XCUIElementTypeCell type="XCUIElementTypeCell" enabled="true" visible="true" accessible="false" x="0" y="213" width="393" height="78" index="3">
                            <XCUIElementTypeOther type="XCUIElementTypeOther" enabled="true" visible="true" accessible="false" x="0" y="213" width="393" height="78" index="0"/>
                            <XCUIElementTypeImage type="XCUIElementTypeImage" enabled="true" visible="true" accessible="false" x="15" y="228" width="48" height="48" index="1"/>
                            <XCUIElementTypeStaticText type="XCUIElementTypeStaticText" value="蜂巢运营官" name="蜂巢运营官" label="蜂巢运营官" enabled="true" visible="true" accessible="true" x="71" y="230" width="75" height="22" index="2"/>
                            <XCUIElementTypeStaticText type="XCUIElementTypeStaticText" value="【限时抽奖】有人抽到手机了！" name="【限时抽奖】有人抽到手机了！" label="【限时抽奖】有人抽到手机了！" enabled="true" visible="true" accessible="true" x="71" y="255" width="287" height="19" index="3"/>
                            <XCUIElementTypeImage type="XCUIElementTypeImage" enabled="true" visible="true" accessible="false" x="150" y="235" width="12" height="12" index="4"/>
                            <XCUIElementTypeStaticText type="XCUIElementTypeStaticText" value="官方账号" name="官方账号" label="官方账号" enabled="true" visible="true" accessible="true" x="164" y="233" width="44" height="16" index="5"/>
                            <XCUIElementTypeStaticText type="XCUIElementTypeStaticText" value="星期一" name="星期一" label="星期一" enabled="true" visible="true" accessible="true" x="341" y="233" width="36" height="16" index="6"/>
                            <XCUIElementTypeStaticText type="XCUIElementTypeStaticText" value="1" name="1" label="1" enabled="true" visible="true" accessible="true" x="362" y="257" width="15" height="15" index="7"/>
                            <XCUIElementTypeOther type="XCUIElementTypeOther" enabled="true" visible="true" accessible="false" x="71" y="290" width="322" height="1" index="8"/>
                          </XCUIElementTypeCell>
                          <XCUIElementTypeCell type="XCUIElementTypeCell" enabled="true" visible="true" accessible="false" x="0" y="291" width="393" height="78" index="4">
                            <XCUIElementTypeOther type="XCUIElementTypeOther" enabled="true" visible="true" accessible="false" x="0" y="291" width="393" height="78" index="0"/>
                            <XCUIElementTypeImage type="XCUIElementTypeImage" enabled="true" visible="true" accessible="false" x="15" y="306" width="48" height="48" index="1"/>
                            <XCUIElementTypeStaticText type="XCUIElementTypeStaticText" value="小蜜蜂官方活动号" name="小蜜蜂官方活动号" label="小蜜蜂官方活动号" enabled="true" visible="true" accessible="true" x="71" y="308" width="120" height="22" index="2"/>
                            <XCUIElementTypeStaticText type="XCUIElementTypeStaticText" value="恭喜您，您在【万物筑巢之旅10期】活动下发布在【生活】蜂巢的笔记：【一句话生成配图，测试文生图】瓜分了活动奖金池：获得了0.18元；快去看看吧&gt;&gt;" name="恭喜您，您在【万物筑巢之旅10期】活动下发布在【生活】蜂巢的笔记：【一句话生成配图，测试文生图】瓜分了活动奖金池：获得了0.18元；快去看看吧&gt;&gt;" label="恭喜您，您在【万物筑巢之旅10期】活动下发布在【生活】蜂巢的笔记：【一句话生成配图，测试文生图】瓜分了活动奖金池：获得了0.18元；快去看看吧&gt;&gt;" enabled="true" visible="true" accessible="true" x="71" y="333" width="287" height="19" index="3"/>
                            <XCUIElementTypeImage type="XCUIElementTypeImage" name="official_black" enabled="true" visible="true" accessible="false" x="195" y="310" width="30" height="18" index="4"/>
                            <XCUIElementTypeStaticText type="XCUIElementTypeStaticText" value="星期日" name="星期日" label="星期日" enabled="true" visible="true" accessible="true" x="341" y="311" width="36" height="15" index="5"/>
                            <XCUIElementTypeStaticText type="XCUIElementTypeStaticText" value="15" name="15" label="15" enabled="true" visible="true" accessible="true" x="361" y="335" width="17" height="15" index="6"/>
                            <XCUIElementTypeOther type="XCUIElementTypeOther" enabled="true" visible="true" accessible="false" x="71" y="368" width="322" height="1" index="7"/>
                          </XCUIElementTypeCell>
                          <XCUIElementTypeCell type="XCUIElementTypeCell" enabled="true" visible="true" accessible="false" x="0" y="369" width="393" height="78" index="5">
                            <XCUIElementTypeOther type="XCUIElementTypeOther" enabled="true" visible="true" accessible="false" x="0" y="369" width="393" height="78" index="0"/>
                            <XCUIElementTypeImage type="XCUIElementTypeImage" enabled="true" visible="true" accessible="false" x="15" y="384" width="48" height="48" index="1"/>
                            <XCUIElementTypeStaticText type="XCUIElementTypeStaticText" value="校园蜂" name="校园蜂" label="校园蜂" enabled="true" visible="true" accessible="true" x="71" y="386" width="45" height="22" index="2"/>
                            <XCUIElementTypeStaticText type="XCUIElementTypeStaticText" enabled="true" visible="true" accessible="true" x="71" y="411" width="306" height="19" index="3"/>
                            <XCUIElementTypeImage type="XCUIElementTypeImage" enabled="true" visible="true" accessible="false" x="120" y="391" width="12" height="12" index="4"/>
                            <XCUIElementTypeStaticText type="XCUIElementTypeStaticText" value="官方账号" name="官方账号" label="官方账号" enabled="true" visible="true" accessible="true" x="134" y="389" width="44" height="16" index="5"/>
                            <XCUIElementTypeStaticText type="XCUIElementTypeStaticText" value="星期五" name="星期五" label="星期五" enabled="true" visible="true" accessible="true" x="341" y="389" width="36" height="15" index="6"/>
                            <XCUIElementTypeOther type="XCUIElementTypeOther" enabled="true" visible="true" accessible="false" x="71" y="446" width="322" height="1" index="7"/>
                          </XCUIElementTypeCell>
                          <XCUIElementTypeCell type="XCUIElementTypeCell" enabled="true" visible="true" accessible="false" x="0" y="447" width="393" height="78" index="6">
                            <XCUIElementTypeOther type="XCUIElementTypeOther" enabled="true" visible="true" accessible="false" x="0" y="447" width="393" height="78" index="0"/>
                            <XCUIElementTypeImage type="XCUIElementTypeImage" enabled="true" visible="true" accessible="false" x="15" y="462" width="48" height="48" index="1"/>
                            <XCUIElementTypeStaticText type="XCUIElementTypeStaticText" value="活动蜂" name="活动蜂" label="活动蜂" enabled="true" visible="true" accessible="true" x="71" y="464" width="45" height="22" index="2"/>
                            <XCUIElementTypeStaticText type="XCUIElementTypeStaticText" value="这是2026年第一次——" name="这是2026年第一次——" label="这是2026年第一次——" enabled="true" visible="true" accessible="true" x="71" y="489" width="287" height="19" index="3"/>
                            <XCUIElementTypeImage type="XCUIElementTypeImage" enabled="true" visible="true" accessible="false" x="120" y="469" width="12" height="12" index="4"/>
                            <XCUIElementTypeStaticText type="XCUIElementTypeStaticText" value="官方账号" name="官方账号" label="官方账号" enabled="true" visible="true" accessible="true" x="134" y="467" width="44" height="16" index="5"/>
                            <XCUIElementTypeStaticText type="XCUIElementTypeStaticText" value="2026-01-03" name="2026-01-03" label="2026-01-03" enabled="true" visible="true" accessible="true" x="307" y="467" width="70" height="15" index="6"/>
                            <XCUIElementTypeStaticText type="XCUIElementTypeStaticText" value="1" name="1" label="1" enabled="true" visible="true" accessible="true" x="362" y="491" width="15" height="15" index="7"/>
                            <XCUIElementTypeOther type="XCUIElementTypeOther" enabled="true" visible="true" accessible="false" x="71" y="524" width="322" height="2" index="8"/>
                          </XCUIElementTypeCell>
                          <XCUIElementTypeCell type="XCUIElementTypeCell" enabled="true" visible="true" accessible="false" x="0" y="525" width="393" height="78" index="7">
                            <XCUIElementTypeOther type="XCUIElementTypeOther" enabled="true" visible="true" accessible="false" x="0" y="525" width="393" height="78" index="0"/>
                            <XCUIElementTypeImage type="XCUIElementTypeImage" enabled="true" visible="true" accessible="false" x="15" y="540" width="48" height="48" index="1"/>
                            <XCUIElementTypeStaticText type="XCUIElementTypeStaticText" value="社团蜂" name="社团蜂" label="社团蜂" enabled="true" visible="true" accessible="true" x="71" y="542" width="45" height="22" index="2"/>
                            <XCUIElementTypeStaticText type="XCUIElementTypeStaticText" value="2026年社团PK赛正式开始！" name="2026年社团PK赛正式开始！" label="2026年社团PK赛正式开始！" enabled="true" visible="true" accessible="true" x="71" y="567" width="287" height="19" index="3"/>
                            <XCUIElementTypeImage type="XCUIElementTypeImage" enabled="true" visible="true" accessible="false" x="120" y="547" width="12" height="12" index="4"/>
                            <XCUIElementTypeStaticText type="XCUIElementTypeStaticText" value="官方账号" name="官方账号" label="官方账号" enabled="true" visible="true" accessible="true" x="134" y="545" width="44" height="16" index="5"/>
                            <XCUIElementTypeStaticText type="XCUIElementTypeStaticText" value="2026-01-01" name="2026-01-01" label="2026-01-01" enabled="true" visible="true" accessible="true" x="309" y="545" width="68" height="16" index="6"/>
                            <XCUIElementTypeStaticText type="XCUIElementTypeStaticText" value="2" name="2" label="2" enabled="true" visible="true" accessible="true" x="362" y="569" width="15" height="15" index="7"/>
                            <XCUIElementTypeOther type="XCUIElementTypeOther" enabled="true" visible="true" accessible="false" x="71" y="602" width="322" height="2" index="8"/>
                          </XCUIElementTypeCell>
                          <XCUIElementTypeCell type="XCUIElementTypeCell" enabled="true" visible="true" accessible="false" x="0" y="603" width="393" height="78" index="8">
                            <XCUIElementTypeOther type="XCUIElementTypeOther" enabled="true" visible="true" accessible="false" x="0" y="603" width="393" height="78" index="0"/>
                            <XCUIElementTypeImage type="XCUIElementTypeImage" enabled="true" visible="true" accessible="false" x="15" y="618" width="48" height="48" index="1"/>
                            <XCUIElementTypeStaticText type="XCUIElementTypeStaticText" value="小蜜蜂官方号" name="小蜜蜂官方号" label="小蜜蜂官方号" enabled="true" visible="true" accessible="true" x="71" y="620" width="90" height="22" index="2"/>
                            <XCUIElementTypeStaticText type="XCUIElementTypeStaticText" value="没有不宠你的义务！" name="没有不宠你的义务！" label="没有不宠你的义务！" enabled="true" visible="true" accessible="true" x="71" y="645" width="287" height="19" index="3"/>
                            <XCUIElementTypeImage type="XCUIElementTypeImage" enabled="true" visible="true" accessible="false" x="165" y="625" width="12" height="12" index="4"/>
                            <XCUIElementTypeStaticText type="XCUIElementTypeStaticText" value="官方账号" name="官方账号" label="官方账号" enabled="true" visible="true" accessible="true" x="179" y="623" width="44" height="16" index="5"/>
                            <XCUIElementTypeStaticText type="XCUIElementTypeStaticText" value="2025-12-23" name="2025-12-23" label="2025-12-23" enabled="true" visible="true" accessible="true" x="308" y="623" width="69" height="15" index="6"/>
                            <XCUIElementTypeStaticText type="XCUIElementTypeStaticText" value="13" name="13" label="13" enabled="true" visible="true" accessible="true" x="361" y="647" width="17" height="15" index="7"/>
                            <XCUIElementTypeOther type="XCUIElementTypeOther" enabled="true" visible="true" accessible="false" x="71" y="680" width="322" height="1" index="8"/>
                          </XCUIElementTypeCell>
                          <XCUIElementTypeOther type="XCUIElementTypeOther" value="0%" name="垂直滚动条, 1页" label="垂直滚动条, 1页" enabled="true" visible="false" accessible="false" x="360" y="111" width="30" height="661" index="9">
                            <XCUIElementTypeOther type="XCUIElementTypeOther" enabled="true" visible="false" accessible="false" x="387" y="72" width="3" height="36" index="0"/>
                          </XCUIElementTypeOther>
                          <XCUIElementTypeOther type="XCUIElementTypeOther" value="0%" name="水平滚动条, 1页" label="水平滚动条, 1页" enabled="true" visible="false" accessible="false" x="0" y="739" width="393" height="30" index="10">
                            <XCUIElementTypeOther type="XCUIElementTypeOther" enabled="true" visible="false" accessible="false" x="-42" y="766" width="36" height="3" index="0"/>
                          </XCUIElementTypeOther>
                          <XCUIElementTypeStaticText type="XCUIElementTypeStaticText" value="赞和收藏" name="赞和收藏" label="赞和收藏" enabled="true" visible="false" accessible="true" x="47" y="186" width="52" height="16" index="11"/>
                          <XCUIElementTypeButton type="XCUIElementTypeButton" enabled="true" visible="true" accessible="true" x="51" y="134" width="44" height="68" index="12">
                            <XCUIElementTypeStaticText type="XCUIElementTypeStaticText" enabled="true" visible="false" accessible="false" x="51" y="134" width="0" height="0" index="0"/>
                          </XCUIElementTypeButton>
                          <XCUIElementTypeStaticText type="XCUIElementTypeStaticText" value="新增关注" name="新增关注" label="新增关注" enabled="true" visible="false" accessible="true" x="170" y="186" width="53" height="16" index="13"/>
                          <XCUIElementTypeButton type="XCUIElementTypeButton" enabled="true" visible="true" accessible="true" x="174" y="134" width="45" height="68" index="14">
                            <XCUIElementTypeStaticText type="XCUIElementTypeStaticText" enabled="true" visible="false" accessible="false" x="174" y="134" width="1" height="0" index="0"/>
                          </XCUIElementTypeButton>
                          <XCUIElementTypeStaticText type="XCUIElementTypeStaticText" value="评论" name="评论" label="评论" enabled="true" visible="false" accessible="true" x="307" y="186" width="26" height="16" index="15"/>
                          <XCUIElementTypeButton type="XCUIElementTypeButton" enabled="true" visible="true" accessible="true" x="298" y="134" width="44" height="68" index="16">
                            <XCUIElementTypeStaticText type="XCUIElementTypeStaticText" enabled="true" visible="false" accessible="false" x="298" y="134" width="0" height="0" index="0"/>
                          </XCUIElementTypeButton>
                          <XCUIElementTypeStaticText type="XCUIElementTypeStaticText" value="35" name="35" label="35" enabled="true" visible="false" accessible="true" x="88" y="127" width="14" height="14" index="17"/>
                        </XCUIElementTypeTable>
                      </XCUIElementTypeOther>
                    </XCUIElementTypeOther>
                  </XCUIElementTypeOther>
                  <XCUIElementTypeOther type="XCUIElementTypeOther" enabled="true" visible="true" accessible="false" x="0" y="772" width="393" height="46" index="1">
                    <XCUIElementTypeOther type="XCUIElementTypeOther" name="首页 标签 " label="首页 标签 " enabled="true" visible="true" accessible="true" x="0" y="772" width="79" height="46" index="0"/>
                    <XCUIElementTypeOther type="XCUIElementTypeOther" name="广场 标签 " label="广场 标签 " enabled="true" visible="true" accessible="true" x="78" y="772" width="80" height="46" index="1"/>
                    <XCUIElementTypeOther type="XCUIElementTypeOther" name="发布 标签 " label="发布 标签 " enabled="true" visible="true" accessible="true" x="157" y="772" width="79" height="46" index="2"/>
                    <XCUIElementTypeOther type="XCUIElementTypeOther" name="已选定 消息 标签 " label="已选定 消息 标签 " enabled="true" visible="true" accessible="true" x="235" y="772" width="80" height="46" index="3"/>
                    <XCUIElementTypeOther type="XCUIElementTypeOther" name="我的 标签 " label="我的 标签 " enabled="true" visible="true" accessible="true" x="314" y="772" width="79" height="46" index="4"/>
                  </XCUIElementTypeOther>
                </XCUIElementTypeOther>
              </XCUIElementTypeOther>
            </XCUIElementTypeOther>
            <XCUIElementTypeOther type="XCUIElementTypeOther" enabled="true" visible="true" accessible="false" x="2" y="668" width="48" height="48" index="1">
              <XCUIElementTypeImage type="XCUIElementTypeImage" enabled="true" visible="true" accessible="false" x="6" y="672" width="40" height="40" index="0"/>
            </XCUIElementTypeOther>
          </XCUIElementTypeOther>
        </XCUIElementTypeOther>
      </XCUIElementTypeOther>
    </XCUIElementTypeWindow>
    <XCUIElementTypeWindow type="XCUIElementTypeWindow" enabled="true" visible="false" accessible="false" x="0" y="0" width="393" height="852" index="1">
      <XCUIElementTypeOther type="XCUIElementTypeOther" enabled="true" visible="false" accessible="false" x="0" y="0" width="393" height="852" index="0">
        <XCUIElementTypeOther type="XCUIElementTypeOther" enabled="true" visible="false" accessible="false" x="0" y="0" width="393" height="852" index="0"/>
        <XCUIElementTypeOther type="XCUIElementTypeOther" enabled="true" visible="false" accessible="false" x="0" y="852" width="393" height="233" index="1"/>
      </XCUIElementTypeOther>
    </XCUIElementTypeWindow>
  </XCUIElementTypeApplication>
</AppiumAUT>
