<?xml version="1.0" encoding="UTF-8"?>
<AppiumAUT>
  <XCUIElementTypeApplication type="XCUIElementTypeApplication" name="网易小蜜蜂" label="网易小蜜蜂" enabled="true" visible="true" accessible="false" x="0" y="0" width="393" height="852" index="0">
    <XCUIElementTypeWindow type="XCUIElementTypeWindow" enabled="true" visible="true" accessible="false" x="0" y="0" width="393" height="852" index="0">
      <XCUIElementTypeOther type="XCUIElementTypeOther" enabled="true" visible="true" accessible="false" x="0" y="0" width="393" height="852" index="0">
        <XCUIElementTypeOther type="XCUIElementTypeOther" enabled="true" visible="true" accessible="false" x="0" y="0" width="393" height="852" index="0">
          <XCUIElementTypeOther type="XCUIElementTypeOther" enabled="true" visible="true" accessible="false" x="0" y="0" width="393" height="852" index="0">
            <XCUIElementTypeOther type="XCUIElementTypeOther" enabled="true" visible="true" accessible="false" x="0" y="0" width="393" height="852" index="0">
              <XCUIElementTypeOther type="XCUIElementTypeOther" enabled="true" visible="true" accessible="false" x="0" y="0" width="393" height="852" index="0">
                <XCUIElementTypeOther type="XCUIElementTypeOther" enabled="true" visible="true" accessible="false" x="0" y="0" width="393" height="852" index="0">
                  <XCUIElementTypeOther type="XCUIElementTypeOther" enabled="true" visible="true" accessible="false" x="0" y="0" width="393" height="103" index="0">
                    <XCUIElementTypeButton type="XCUIElementTypeButton" name="nav item back black" label="nav item back black" enabled="true" visible="true" accessible="true" x="16" y="70" width="35" height="22" index="0"/>
                    <XCUIElementTypeButton type="XCUIElementTypeButton" name="存草稿" label="存草稿" enabled="true" visible="true" accessible="true" x="314" y="68" width="63" height="26" index="1">
                      <XCUIElementTypeStaticText type="XCUIElementTypeStaticText" value="存草稿" name="存草稿" label="存草稿" enabled="true" visible="true" accessible="false" x="324" y="72" width="43" height="18" index="0"/>
                    </XCUIElementTypeButton>
                  </XCUIElementTypeOther>
                  <XCUIElementTypeScrollView type="XCUIElementTypeScrollView" enabled="true" visible="true" accessible="false" x="0" y="103" width="393" height="643" index="1">
                    <XCUIElementTypeOther type="XCUIElementTypeOther" enabled="true" visible="true" accessible="false" x="16" y="115" width="103" height="28" index="0">
                      <XCUIElementTypeImage type="XCUIElementTypeImage" name="publish_beehive_select_empty" enabled="true" visible="true" accessible="false" x="16" y="115" width="29" height="28" index="0"/>
                      <XCUIElementTypeStaticText type="XCUIElementTypeStaticText" value="选择蜂巢" name="选择蜂巢" label="选择蜂巢" enabled="true" visible="true" accessible="true" x="48" y="120" width="56" height="18" index="1"/>
                      <XCUIElementTypeButton type="XCUIElementTypeButton" name=" " label=" " enabled="false" visible="true" accessible="true" x="103" y="121" width="16" height="16" index="2">
                        <XCUIElementTypeStaticText type="XCUIElementTypeStaticText" value=" " name=" " label=" " enabled="true" visible="false" accessible="false" x="103" y="120" width="1" height="18" index="0"/>
                      </XCUIElementTypeButton>
                    </XCUIElementTypeOther>
                    <XCUIElementTypeOther type="XCUIElementTypeOther" enabled="true" visible="true" accessible="false" x="0" y="143" width="393" height="100" index="1">
                      <XCUIElementTypeOther type="XCUIElementTypeOther" enabled="true" visible="true" accessible="false" x="0" y="143" width="393" height="100" index="0">
                        <XCUIElementTypeCollectionView type="XCUIElementTypeCollectionView" enabled="true" visible="true" accessible="false" x="0" y="143" width="393" height="100" index="0">
                          <XCUIElementTypeCell type="XCUIElementTypeCell" enabled="true" visible="true" accessible="false" x="15" y="155" width="80" height="80" index="0">
                            <XCUIElementTypeOther type="XCUIElementTypeOther" enabled="true" visible="true" accessible="false" x="15" y="155" width="80" height="80" index="0">
                              <XCUIElementTypeImage type="XCUIElementTypeImage" name="publish_cell_mask" enabled="true" visible="true" accessible="false" x="15" y="155" width="19" height="19" index="0">
                                <XCUIElementTypeStaticText type="XCUIElementTypeStaticText" value="1" name="1" label="1" enabled="true" visible="true" accessible="true" x="23" y="156" width="5" height="15" index="0"/>
                              </XCUIElementTypeImage>
                              <XCUIElementTypeImage type="XCUIElementTypeImage" name="image_placeholder" enabled="true" visible="true" accessible="false" x="15" y="155" width="80" height="80" index="1"/>
                              <XCUIElementTypeImage type="XCUIElementTypeImage" enabled="true" visible="true" accessible="false" x="15" y="155" width="80" height="80" index="2"/>
                            </XCUIElementTypeOther>
                          </XCUIElementTypeCell>
                          <XCUIElementTypeCell type="XCUIElementTypeCell" enabled="true" visible="true" accessible="false" x="101" y="155" width="80" height="80" index="1">
                            <XCUIElementTypeOther type="XCUIElementTypeOther" enabled="true" visible="true" accessible="false" x="101" y="155" width="80" height="80" index="0">
                              <XCUIElementTypeImage type="XCUIElementTypeImage" name="photo_picker_add_media" enabled="true" visible="true" accessible="false" x="127" y="181" width="28" height="28" index="0"/>
                            </XCUIElementTypeOther>
                          </XCUIElementTypeCell>
                        </XCUIElementTypeCollectionView>
                      </XCUIElementTypeOther>
                    </XCUIElementTypeOther>
                    <XCUIElementTypeOther type="XCUIElementTypeOther" enabled="true" visible="true" accessible="false" x="15" y="243" width="363" height="48" index="2">
                      <XCUIElementTypeTextField type="XCUIElementTypeTextField" value="填写标题会有更多赞哦~" label="" enabled="true" visible="true" accessible="true" x="15" y="243" width="323" height="48" index="0" placeholderValue="填写标题会有更多赞哦~"/>
                      <XCUIElementTypeStaticText type="XCUIElementTypeStaticText" value="20字" name="20字" label="20字" enabled="true" visible="true" accessible="true" x="340" y="255" width="38" height="24" index="1"/>
                      <XCUIElementTypeOther type="XCUIElementTypeOther" enabled="true" visible="true" accessible="false" x="15" y="290" width="363" height="1" index="2"/>
                    </XCUIElementTypeOther>
                    <XCUIElementTypeOther type="XCUIElementTypeOther" enabled="true" visible="true" accessible="false" x="0" y="306" width="393" height="170" index="3">
                      <XCUIElementTypeOther type="XCUIElementTypeOther" enabled="true" visible="true" accessible="false" x="15" y="306" width="366" height="170" index="0">
                        <XCUIElementTypeTextView type="XCUIElementTypeTextView" value="输入一段话" enabled="true" visible="true" accessible="true" x="15" y="306" width="366" height="170" index="0">
                          <XCUIElementTypeOther type="XCUIElementTypeOther" value="0%" name="垂直滚动条, 1页" label="垂直滚动条, 1页" enabled="true" visible="true" accessible="false" x="348" y="306" width="30" height="170" index="0">
                            <XCUIElementTypeOther type="XCUIElementTypeOther" enabled="true" visible="false" accessible="false" x="375" y="309" width="3" height="164" index="0"/>
                          </XCUIElementTypeOther>
                        </XCUIElementTypeTextView>
                      </XCUIElementTypeOther>
                    </XCUIElementTypeOther>
                    <XCUIElementTypeOther type="XCUIElementTypeOther" enabled="true" visible="true" accessible="false" x="0" y="476" width="393" height="57" index="4">
                      <XCUIElementTypeScrollView type="XCUIElementTypeScrollView" enabled="true" visible="true" accessible="false" x="16" y="492" width="292" height="25" index="0">
                        <XCUIElementTypeButton type="XCUIElementTypeButton" name="表情" label="表情" enabled="true" visible="true" accessible="true" x="16" y="492" width="54" height="25" index="0">
                          <XCUIElementTypeStaticText type="XCUIElementTypeStaticText" value="表情" name="表情" label="表情" enabled="true" visible="true" accessible="false" x="38" y="497" width="24" height="15" index="0"/>
                        </XCUIElementTypeButton>
                        <XCUIElementTypeButton type="XCUIElementTypeButton" name="话题" label="话题" enabled="true" visible="true" accessible="true" x="78" y="492" width="54" height="25" index="1">
                          <XCUIElementTypeStaticText type="XCUIElementTypeStaticText" value="话题" name="话题" label="话题" enabled="true" visible="true" accessible="false" x="100" y="497" width="24" height="15" index="0"/>
                        </XCUIElementTypeButton>
                        <XCUIElementTypeButton type="XCUIElementTypeButton" name="用户" label="用户" enabled="true" visible="true" accessible="true" x="140" y="492" width="54" height="25" index="2">
                          <XCUIElementTypeStaticText type="XCUIElementTypeStaticText" value="用户" name="用户" label="用户" enabled="true" visible="true" accessible="false" x="162" y="497" width="24" height="15" index="0"/>
                        </XCUIElementTypeButton>
                        <XCUIElementTypeButton type="XCUIElementTypeButton" name="语音" label="语音" enabled="true" visible="true" accessible="true" x="202" y="492" width="54" height="25" index="3">
                          <XCUIElementTypeStaticText type="XCUIElementTypeStaticText" value="语音" name="语音" label="语音" enabled="true" visible="true" accessible="false" x="224" y="497" width="24" height="15" index="0"/>
                        </XCUIElementTypeButton>
                        <XCUIElementTypeOther type="XCUIElementTypeOther" value="0%" name="垂直滚动条, 1页" label="垂直滚动条, 1页" enabled="true" visible="true" accessible="false" x="275" y="492" width="30" height="25" index="4">
                          <XCUIElementTypeOther type="XCUIElementTypeOther" enabled="true" visible="true" accessible="false" x="302" y="478" width="3" height="36" index="0"/>
                        </XCUIElementTypeOther>
                        <XCUIElementTypeOther type="XCUIElementTypeOther" value="0%" name="垂直滚动条, 1页" label="垂直滚动条, 1页" enabled="true" visible="true" accessible="false" x="275" y="492" width="30" height="25" index="5">
                          <XCUIElementTypeOther type="XCUIElementTypeOther" enabled="true" visible="true" accessible="false" x="302" y="478" width="3" height="36" index="0"/>
                        </XCUIElementTypeOther>
                      </XCUIElementTypeScrollView>
                      <XCUIElementTypeButton type="XCUIElementTypeButton" name="长文" label="长文" enabled="true" visible="true" accessible="true" x="323" y="492" width="54" height="25" index="1">
                        <XCUIElementTypeStaticText type="XCUIElementTypeStaticText" value="长文" name="长文" label="长文" enabled="true" visible="true" accessible="false" x="345" y="497" width="24" height="15" index="0"/>
                      </XCUIElementTypeButton>
                    </XCUIElementTypeOther>
                    <XCUIElementTypeOther type="XCUIElementTypeOther" enabled="true" visible="true" accessible="false" x="0" y="533" width="393" height="52" index="5">
                      <XCUIElementTypeOther type="XCUIElementTypeOther" enabled="true" visible="true" accessible="false" x="15" y="533" width="363" height="1" index="0"/>
                      <XCUIElementTypeImage type="XCUIElementTypeImage" name="publish_btn_mood" enabled="true" visible="true" accessible="false" x="15" y="551" width="16" height="16" index="1"/>
                      <XCUIElementTypeStaticText type="XCUIElementTypeStaticText" value="标记情绪" name="标记情绪" label="标记情绪" enabled="true" visible="true" accessible="true" x="34" y="550" width="56" height="18" index="2"/>
                      <XCUIElementTypeImage type="XCUIElementTypeImage" name="publish_arrow" enabled="true" visible="true" accessible="false" x="363" y="551" width="15" height="16" index="3"/>
                    </XCUIElementTypeOther>
                    <XCUIElementTypeOther type="XCUIElementTypeOther" enabled="true" visible="true" accessible="false" x="0" y="585" width="393" height="52" index="6">
                      <XCUIElementTypeOther type="XCUIElementTypeOther" enabled="true" visible="true" accessible="false" x="15" y="585" width="363" height="1" index="0"/>
                      <XCUIElementTypeImage type="XCUIElementTypeImage" name="publish_btn_more" enabled="true" visible="true" accessible="false" x="15" y="603" width="16" height="16" index="1"/>
                      <XCUIElementTypeStaticText type="XCUIElementTypeStaticText" value="更多组件" name="更多组件" label="更多组件" enabled="true" visible="true" accessible="true" x="34" y="602" width="60" height="18" index="2"/>
                      <XCUIElementTypeImage type="XCUIElementTypeImage" name="publish_arrow" enabled="true" visible="true" accessible="false" x="363" y="603" width="15" height="16" index="3"/>
                    </XCUIElementTypeOther>
                    <XCUIElementTypeOther type="XCUIElementTypeOther" enabled="true" visible="true" accessible="false" x="0" y="637" width="393" height="52" index="7">
                      <XCUIElementTypeImage type="XCUIElementTypeImage" name="publish_btn_visibleRange_outside_1" enabled="true" visible="true" accessible="false" x="15" y="655" width="16" height="16" index="0"/>
                      <XCUIElementTypeStaticText type="XCUIElementTypeStaticText" value="公开可见" name="公开可见" label="公开可见" enabled="true" visible="true" accessible="true" x="34" y="654" width="56" height="18" index="1"/>
                      <XCUIElementTypeImage type="XCUIElementTypeImage" name="publish_arrow" enabled="true" visible="true" accessible="false" x="363" y="655" width="15" height="16" index="2"/>
                      <XCUIElementTypeOther type="XCUIElementTypeOther" enabled="true" visible="true" accessible="false" x="15" y="688" width="363" height="1" index="3"/>
                    </XCUIElementTypeOther>
                    <XCUIElementTypeOther type="XCUIElementTypeOther" enabled="true" visible="true" accessible="false" x="0" y="689" width="393" height="44" index="8">
                      <XCUIElementTypeButton type="XCUIElementTypeButton" name="高级设置" label="高级设置" enabled="true" visible="true" accessible="true" x="20" y="689" width="60" height="44" index="0">
                        <XCUIElementTypeStaticText type="XCUIElementTypeStaticText" value="高级设置" name="高级设置" label="高级设置" enabled="true" visible="true" accessible="false" x="20" y="703" width="48" height="16" index="0"/>
                      </XCUIElementTypeButton>
                      <XCUIElementTypeButton type="XCUIElementTypeButton" name="匿名发布" label="匿名发布" enabled="true" visible="true" accessible="true" x="311" y="689" width="62" height="44" index="1">
                        <XCUIElementTypeStaticText type="XCUIElementTypeStaticText" value="匿名发布" name="匿名发布" label="匿名发布" enabled="true" visible="true" accessible="false" x="325" y="703" width="48" height="16" index="0"/>
                      </XCUIElementTypeButton>
                    </XCUIElementTypeOther>
                    <XCUIElementTypeOther type="XCUIElementTypeOther" enabled="true" visible="true" accessible="false" x="0" y="733" width="393" height="13" index="9"/>
                  </XCUIElementTypeScrollView>
                  <XCUIElementTypeOther type="XCUIElementTypeOther" enabled="true" visible="true" accessible="false" x="0" y="746" width="393" height="106" index="2">
                    <XCUIElementTypeButton type="XCUIElementTypeButton" name="预览" label="预览" enabled="true" visible="true" accessible="true" x="17" y="762" width="32" height="40" index="0">
                      <XCUIElementTypeStaticText type="XCUIElementTypeStaticText" value="预览" name="预览" label="预览" enabled="true" visible="true" accessible="false" x="23" y="788" width="20" height="13" index="0"/>
                    </XCUIElementTypeButton>
                    <XCUIElementTypeButton type="XCUIElementTypeButton" value="1" name="发布笔记" label="发布笔记" enabled="true" visible="true" accessible="true" x="64" y="762" width="309" height="40" index="1">
                      <XCUIElementTypeStaticText type="XCUIElementTypeStaticText" value="发布笔记" name="发布笔记" label="发布笔记" enabled="true" visible="true" accessible="false" x="190" y="772" width="57" height="20" index="0"/>
                    </XCUIElementTypeButton>
                  </XCUIElementTypeOther>
                </XCUIElementTypeOther>
              </XCUIElementTypeOther>
            </XCUIElementTypeOther>
          </XCUIElementTypeOther>
        </XCUIElementTypeOther>
      </XCUIElementTypeOther>
    </XCUIElementTypeWindow>
    <XCUIElementTypeWindow type="XCUIElementTypeWindow" enabled="true" visible="false" accessible="false" x="0" y="0" width="393" height="852" index="1">
      <XCUIElementTypeOther type="XCUIElementTypeOther" enabled="true" visible="false" accessible="false" x="0" y="0" width="393" height="852" index="0">
        <XCUIElementTypeOther type="XCUIElementTypeOther" enabled="true" visible="false" accessible="false" x="0" y="0" width="393" height="852" index="0"/>
        <XCUIElementTypeOther type="XCUIElementTypeOther" enabled="true" visible="false" accessible="false" x="0" y="852" width="393" height="233" index="1"/>
      </XCUIElementTypeOther>
    </XCUIElementTypeWindow>
  </XCUIElementTypeApplication>
</AppiumAUT>
